,web-scraper-order,Brand,Name,Model,Price,Average_Rating,Reviews,BatteryCapacity,Charging,Torch,Games,Messaging,Browser,Audio,Sensor,Data,NFC,USB,GPS,Bluetooth,WLAN,Front,Main,card,Built-In,Features,Protection,Resolution,Size,Technology,GPU,Chipset,CPU,4G Band,3G Band,2G Band,Color,SIM,Weight,Dimension,UI Build,Operating System,Unnamed: 42,as,Links-href,Name.1,Name-href,Avg_Rating,AverageRating,score
935,1541228250-19,Samsung Mobile,"Samsung
Galaxy J7",Galaxy J7,0,5 stars,2135.0,Price in Rs: Discontinued    Price in USD: $0,,Yes,Built-in + downloadable,"SMS(threaded view), MMS, Email, Push Mail, IM",HTML5,"3.5mm audio jack, MP4/WMV/H.264 player, MP3/WAV/WMA/eAAC+/FLAC player, Speakerphone",,"GPRS, EGDE, 3G (HSPA 21.1/5.76 Mbps), 4G (LTE Cat4 150/50 Mbps)",No,microUSB v2.0,Yes + A-GPS support & Glonass,v4.0 with A2DP,,"5.0 MP, f/2.2, 23mm, LED flash",,,,,,720 x 1280 pixels (~267 ppi pixel density),5.5 Inches,,Mali-T720MP2,Exynos 7580 Octa,,"LTE band 1(2100), 3(1800), 7(2600)",HSDPA 900 / 2100,,"White, Black","Dual-SIM, Dual Standby, Micro-SIM",171 g,152.2 x 78.7 x 7.5 mm,,,,,,,,5,5.0,4.740903190544508
681,1541191552-933,QMobile,"QMobile
Noir Z10",Noir Z10,143,5 stars,1481.0,2900 mAh,up to 36 hrs,Yes,Built-in + downloadable,"SMS(threaded view), MMS, Email, Push Email, IM",HTML5,"3.5mm audio jack, Speakerphone","Accelerometer, Gyro, Proximity, Compass, Light","GPRS, EDGE, 3G HSPA 42.2/11.5 Mbps, 4G LTE Cat4 150/50 Mbps",No,microUSB,Yes + A-GPS support,v4.0 with A2DP,,"5.0 MP Camera, LED flash",,,,2.5D Touch Glass,Corning Gorilla Glass 3,1080 x 1920 pixels (~423 ppi pixel density),5.2 inches,,Mali-T720MP3,Mediatek MT6753,,LTE,WCDMA (900 / 2100),,Black,"Dual SIM, Dual Standby, Micro SIM",142 g,148.5 x 73.7 x 8.3 mm,,"Android OS, v5.1 (Lollipop) upgradable to v6.0 (Marshmallow)",,,,,,5,5.0,4.649060744265975
961,1541228482-50,Samsung Mobile,"Samsung
Galaxy J7 2016",Galaxy J7 2016,234,5 stars,1040.0,"Price in Rs: 26,999    Price in USD: $234",,Yes,built-in + downloadable,"SMS(threaded view), MMS, Email, Push Mail, IM",HTML5,"3.5mm Audio Jack, MP4/WMV/H.264 player, MP3/WAV/WMA/eAAC+/FLAC player, Speaker Phone",,"GPRS, EDGE, 3G HSPA, 4G (LTE Cat4 150/50 Mbps)",Yes,microUSB v2.0,"Yes + A-GPS support & Glonass, BDS","v4.1, A2DP",,"5 MP Camera, f/1.9, LED flash",,,,,,720 x 1280 pixels (~267 ppi pixel density),5.5 Inches,,Mali-T830MP2,Exynos 7870 Octa,,"LTE band 1(2100), 3(1800), 5(850), 7(2600), 8(900), 20(800), 40(2300)",HSDPA 850 / 900 / 1900 / 2100,,"White, Black, Gold, Rose Gold","Dual-SIM, Dual Standby, Micro-SIM",170 g,151.7 x 76 x 7.8 mm,,,,,,,,5,5.0,4.538829824195672
968,1541228345-30,Samsung Mobile,"Samsung
Galaxy S5",Galaxy S5,,4.7 stars,2206.0,,,,,,,,,,,,,,,,,,,,,,"1080 x 1920 pixels, 5.1 inches (~432 ppi pixel density), Corning Gorilla Glass 3
, Touch Wiz UI
Sensors: Accelerometer, gyro, proximity, compass, barometer, temperature, humidity, gesture, heart rate",HTML5,,,,LTE,,"Bluetooth  v4.0 with A2DP, EDR, LE, USB (microUSB v3.0 (MHL 2), USB On-the-go, USB Host), WLAN (Wi-Fi 802.11 a/b/g/n/ac, dual-band, DLNA, Wi-Fi Direct, Wi-Fi hotspot), GPRS, EDGE, 3G (HSDPA, 42.2 Mbps; HSUPA, 5.76 Mbps), 4G (LTE, Cat4, 50 Mbps UL, 150 Mbps DL)","Black, White, Blue, Gold",,145 g,,"1080 x 1920 pixels, 5.1 inches (~432 ppi pixel density), Corning Gorilla Glass 3
, Touch Wiz UI
Sensors: Accelerometer, gyro, proximity, compass, barometer, temperature, humidity, gesture, heart rate",142 x 72.5 x 8.1 mm,,,,,,4.7,4.7,4.490551390338803
955,1541228225-15,Samsung Mobile,"Samsung
Galaxy A5 2016",Galaxy A5 2016,0,5 stars,840.0,,,Yes,Built-in + downloadable,"SMS(threaded view), MMS, Email, Push Mail, IM",HTML5,"3.5mm Audio Jack, Speaker Phone",,"GPRS, EDGE, 3G (HSPA 42.2/5.76 Mbps), 4G (LTE Cat6 300/50 Mbps)",Yes,microUSB v2.0,Yes + A-GPS support & Glonass,v4.1 with A2DP,,"5.0 MP, f/1.9, 24mm, 1080p","Wi-Fi 802.11 a/b/g/n, dual-band, WiFi Direct, hotspot",,,,Corning Gorilla Glass 4 back panel,1080 x 1920 pixels (~424 ppi pixel density),5.2 Inches,,Mali-T720MP2,Exynos 7580 Octa,,"LTE band 1(2100), 3(1800), 5(850), 7(2600), 8(900), 20(800)",HSDPA 850 / 900 / 1900 / 2100,,Various,"Dual Sim, Dual Standby (Nano-SIM)",155 g,144.8 x 71 x 7.3 mm,,,,,,,,5,5.0,4.462223482699938
959,1541228491-52,Samsung Mobile,"Samsung
Galaxy J7 Prime",Galaxy J7 Prime,251,4.9 stars,990.0,,up to 84 hrs,Yes,built-in + downloadable,"SMS(threaded view), MMS, Email, Push Mail, IM",HTML5,"3.5mm Audio Jack, Xvid/DivX/MP4/H.265 player, MP3/WAV/eAAC+/FLAC player, Speaker Phone",,"GPRS, EGDE, 3G HSPA, 4G (LTE Cat4 150/50 Mbps)",No,"microUSB v2.0, USB On-The-Go","Yes + A-GPS support & Glonass, BDS (market dependent)","v4.1 with A2DP, LE",,"8MP Camera, f/1.9",,,"13 MP, autofocus, LED flash",,Corning Gorilla Glass (market dependent),1080 x 1920 pixels (~401 ppi pixel density),5.5 Inches,,Mali-T830MP2,Exynos 7870 Octa,,"LTE band 1(2100), 3(1800), 5(850), 7(2600), 8(900), 20(800), 38(2600), 40(2300)",HSDPA 850 / 900 / 1900 / 2100,,"Black, Gold","Dual Sim, Dual Standby (Nano-SIM)",167 g,151.7 x 75 x 8 mm,,Android OS V6.0.1 (Marshmallow),,,,,,4.9,4.9,4.4486832150448485
1017,1541230605-192,OPPO Mobile,"Oppo
F1s",F1s,,4.8 stars,996.0,,,,,,,,,,,,,,,,,,,,,,"5.5 inches, 720 x 1280 pixels (~267 ppi pixel density)

Sensors: Accelerometer, proximity, compass, Fingerprint",HTML5,"1.5 GHz Octa-core Cortex-A53, Mediatek MT6750

GPU: Mali-T860MP2",,,"LTE band 1(2100), 3(1800), 5(850), 7(2600), 8(900), 20(800), 28(700), 38(2600), 39(1900), 40(2300), 41(2500)",,"Bluetooth v4.0, USB (microUSB v2.0, USB Host), WLAN (Wi-Fi 802.11 a/b/g/n, Wi-Fi Direct, hotspot), GPRS, EDGE, 3G (HSPA 42.2/5.76 Mbps), 4G (LTE Cat6 300/50 Mbps)","Gold, Rose Gold, Gray","SIM1: GSM 900 / 1800 / 1900

SIM2: GSM 900 / 1800 / 1900",160 g,,,154.5 x 76 x 7.4 mm,,,,,,4.8,4.8,4.377439024390238
930,1541228461-47,Samsung Mobile,"Samsung
Galaxy J5 2016",Galaxy J5 2016,195,4.8 stars,931.0,,,Yes,built-in + downloadable,"SMS(threaded view), MMS, Email, Push Mail, IM",HTML5,"3.5mm Audio Jack, MP4/WMV/H.264 player, MP3/WAV/WMA/eAAC+/FLAC player, Speaker Phone",,"GPRS, EDGE, 3G (HSPA 21.1/5.76 Mbps), 4G (LTE Cat4 150/50 Mbps)",Yes,microUSB v2.0,Yes + A-GPS support & Glonass,v4.1 with A2DP,,"5 MP Camera, f/1.9, LED flash",,,,,,720 x 1280 pixels (~282 ppi pixel density),5.2 Inches,,Adreno 306,Qualcomm MSM8916 Snapdragon 410,,"LTE band 1(2100), 3(1800), 5(850), 7(2600), 8(900), 20(800)",HSDPA 850 / 900 / 1900 / 2100,,"White, Black, Gold, Rose Gold","Dual-SIM, Dual Standby, Micro-SIM",159 g,145.8 x 72.3 x 8.1 mm,,,,,,,,4.8,4.8,4.356229400131833
1001,1541230646-198,OPPO Mobile,"Oppo
F3",F3,259,5 stars,588.0,,,Yes,built-in + downloadable,"SMS (threaded view), MMS, Email, Push Email",HTML5,"3.5mm Audio Jack, MP4/H.264/FLAC player, MP3/eAAC+/WAV player, Speaker Phone",,"GPRS, EDGE, 3G (HSPA 42.2/5.76 Mbps), 4G (LTE-A (2CA) Cat6 300/50 Mbps)",No,microUSB v2.0,Yes + A-GPS support,v4.0 with A2DP,"Wi-Fi 802.11 a/b/g/n/ac, dual-band, WiFi Direct, hotspot","Dual 16 MP + 8 MP, f/2.0, 1/3","13 MP, autofocus, LED flash","microSD Card, (supports upto 128GB)","64GB Built-in, 4GB RAM",Maximum Brightness: 500 nit,Corning Gorilla Glass 5,1080 x 1920 Pixels (~401 PPI),5.5 Inches,"IPS LCD Capacitive Touchscreen, 16M Colors",Mali T860-MP2,Mediatek MT6750T,1.5 Ghz Octa Core,"LTE band 1(2100), 3(1800), 5(850), 7(2600), 8(900), 38(2600), 39(1900), 40(2300), 41(2500)",HSDPA 850 / 900 / 1700 / 1900 / 2100,"SIM1: GSM 900 / 1800 / 1900
SIM2: GSM 900 / 1800 / 1900","Gold, Black, Rose Gold","Dual-SIM, Dual Standby, Nano-SIM",153 g,153.3 x 75.24 x 7.3mm,ColorOS 3.0,Android V6.0 (Marshmallow),,,,,,5,5.0,4.319870875179332
954,1541228440-43,Samsung Mobile,"Samsung
Galaxy Grand Prime Plus",Galaxy Grand Prime Plus,,4.8 stars,779.0,,,,,,,,,,,,,,,,,,,,,,"5.0 Inches, 540 x 960 pixels (~220 ppi pixel density)

Sensors: Accelerometer, proximity",HTML5,"1.4 GHz Quad-Core Cortex-A53, Mediatek MT6737T

GPU: Mali-T720MP2",,,LTE,,"Bluetooth v4.0 with A2DP, USB (microUSB v2.0, USB On-The-Go), WLAN (Wi-Fi 802.11 b/g/n, Wi-Fi Direct, Wi-Fi hotspot), GPRS, EDGE, 3G (HSPA 42.2/5.76 Mbps), 4G (LTE Cat4 150/50 Mbps)","White, Gray, Gold","SIM1: 850 / 900 / 1800 / 1900

SIM2: 850 / 900 / 1800 / 1900",160 g,,,144.8 x 72.1 x 8.9 mm,,,,,,4.8,4.8,4.297215287113495
44,1541194173-974,Apple iphone,"Apple
iphone 6",iphone 6,381,4.6 stars,1259.0,,up to 50 hrs,Yes,built-in + downloadable,"iMessage, SMS (threaded view), MMS, Email, Push Email",HTML (Safari),"3.5mm audio jack, Speakerphone",,"GPRS, EDGE, 3G (HSDPA, 42 Mbps; HSUPA, 5.76 Mbps), 4G LTE",Yes,Yes,Yes + A-GPS support & Glonass,v4.0 with A2DP,,"1.2 MP, 720p, burst, HDR","Wi-Fi 802.11 a/b/g/n/ac, dual-band, Wi-Fi hotspot",,,,,750 x 1334 pixels (~326 ppi pixel density),4.7 Inches,,PowerVR GX6650 (hexa-core graphics),Apple A8,,LTE 700 / 850 / 900 / 1800 / 1900 / 2100 / 2600,HSDPA 850 / 900 / 1700 / 1900 / 2100,,"Space Gray, White/Silver, Gold",Single SIM (Micro-SIM),129 g,138.1 x 67 x 6.9 mm,,iOS 8,,,https://www.whatmobile.com.pk/Nokia_Mobiles_Prices,"Nokia
E72",https://www.whatmobile.com.pk/Nokia_E72,4.6,4.6,4.290768375336244
337,1541194111-973,Apple iphone,"Apple
iphone 6 Plus",iphone 6 Plus,,5 stars,532.0,,,,,,,,,,,,,,,,,,,,,,"1080 x 1920 pixels, 5.5 inches (~401 ppi pixel density)
Fingerprint sensor (Touch ID)
Sensors: Accelerometer, gyro, proximity, compass, barometer",HTML (Safari),"1.4 Dual-Core GHz Cyclone (ARM v8-based), Apple A8, GPU PowerVR GX6650 (hexa-core graphics)",,,LTE 700 / 850 / 900 / 1800 / 1900 / 2100 / 2600,,"Bluetooth v4.0 with A2DP, USB, WLAN (Wi-Fi 802.11 a/b/g/n/ac, dual-band, Wi-Fi hotspot), GPRS, EDGE, 3G (HSDPA, 42 Mbps; HSUPA, 5.76 Mbps), 4G (LTE, Cat4, 150 Mbps DL, 50 Mbps UL)","Space Gray, Silver, Gold",,172 g,,,58.1 x 77.8 x 7.1 mm,,,,,,5,5.0,4.277362804878041
910,1541228377-34,Samsung Mobile,"Samsung
Galaxy Note 5",Galaxy Note 5,29,4.6 stars,1143.0,,- Wireless charging (Qi/PMA) - market dependent,Yes,Built-in + downloadable,"SMS(threaded view), MMS, Email, Push Mail, IM",HTML5,"3.5mm Audio Jack, MP4/DivX/XviD/WMV/H.264 player, MP3/WAV/WMA/eAAC+/FLAC player, 24-bit/192kHz audio, Speaker Phone",,"GPRS, EDGE, 3G (HSPA 42.2/5.76 Mbps), 4G (LTE Cat6 300/50 Mbps/ LTE Cat9 450/50 Mbps)",Yes,"microUSB v2.0, USB Host",Yes + A-GPS support & Glonass,"v4.2, A2DP, EDR, LE",,"5.0 MP, 1/4.1"" sensor size, 1.34 Âµm pixel size, f/1.9, 22mm, 1440p@30fps, dual video call, Auto HDR","Wi-Fi 802.11 a/b/g/n/ac, dual-band, Wi-Fi Direct, hotspot",,,,Corning Gorilla Glass 4,1440 x 2560 Pixels (~515 PPI),5.7 Inches,,Mali-T760MP8,Exynos 7420 Octa,,"LTE band 1(2100), 2(1900), 3(1800), 4(1700/2100), 5(850), 7(2600), 8(900), 17(700), 20(800)",HSDPA 850 / 900 / 1900 / 2100,,"Black Sapphire, Gold Platinum, Silver Titan, White Pearl",Single SIM (Nano-SIM),171 g,153.2 x 76.1 x 7.6 mm,,,,,,,,4.6,4.6,4.266965542913553
796,1541163969-459,Microsoft Mobile,"Microsoft
Lumia 535 Dual Sim",Lumia 535 Dual Sim,0,4.4 stars,2201.0,,Up to 60 hrs,Yes,Built-in,"SMS (threaded view), MMS, Email, Push Email, IM",HTML5,"3.5mm audio jack, Speakerphone",,"GPRS, EDGE (Up to 236.8 kbps), 3G (HSDPA, 42.2 Mbps; HSUPA, 5.76 Mbps)",No,microUSB v2.0,Yes + A-GPS support & Glonass,v4.0 with A2DP,,5 MP,"Wi-Fi 802.11 b/g/n, DLNA, Wi-Fi hotspot",,,,Corning Gorilla Glass 3,540 x 960 pixels (~220 ppi pixel density),5.0 inches,,Adreno 302,Qualcomm Snapdragon 200,,,HSDPA 900 / 2100,,"Orange, green, white, black, gray, blue",Dual-SIM,146 g,140.2 x 72.4 x 8.8 mm,,Microsoft Windows Phone 8.1,,,,,,4.4,4.4,4.232716207863831
436,1541174392-653,Sony,"Sony
Xperia Z3",Xperia Z3,0,5 stars,478.0,,,Yes,built-in + downloadable,"SMS (threaded view), MMS, Email, IM, Push Email",HTML5,3.5mm audio jack,,"GPRS Up to 107 kbps, EDGE Up to 296 kbps, 3G (HSDPA, 42 Mbps; HSUPA, 5.8 Mbps), 4G (LTE, Cat4, 50 Mbps UL, 150 Mbps DL)",Yes,"microUSB v2.0 (MHL 3), USB On-the-go, USB Host",Yes + A-GPS support & Glonass,v4.0 with A2DP,,"2.2 MP, 1080p@30fps","Wi-Fi 802.11 a/b/g/n/ac, dual-band, Wi-Fi Direct, DLNA, Wi-Fi hotspot",,,Triluminos display,,1080 x 1920 pixels (~424 ppi pixel density),5.2 inches,,Adreno 330,Qualcomm MSM8974AC Snapdragon 801,,LTE 700 / 800 / 1700 / 1800 / 2600,HSDPA 850 / 900 / 1700 / 1900 / 2100,,"Black, White, Copper, Silver Green",,152 g,146 x 72 x 7.3 mm,,"Android OS, v4.4.4 (KitKat)",,,,,,5,5.0,4.231017901627939
933,1541228451-45,Samsung Mobile,"Samsung
Galaxy J5 Prime",Galaxy J5 Prime,,5 stars,468.0,,,,,,,,,,,,,,,,,,,,,,"5.0 Inches, 720 x 1280 pixels (~294 ppi pixel density)

Sensors: Accelerometer, proximity, Fingerprint",HTML5,,,,"LTE band 1(2100), 3(1800), 5(850), 7(2600), 8(900), 20(800), 38(2600), 40(2300)",,"Bluetooth v4.2, A2DP, LE, USB (microUSB v2.0, USB On-The-Go), WLAN (Wi-Fi 802.11 b/g/n, Wi-Fi Direct, hotspot), GPRS, EGDE, 3G HSPA, 4G (LTE Cat4 150/50 Mbps)","Black, Gold","Sim1: GSM 850 / 900 / 1800 / 1900

SIM2: GSM 850 / 900 / 1800 / 1900",143g,,,142.8 x 69.5 x 8.1 mm,,,,,,5,5.0,4.221775328330198
963,1541228266-21,Samsung Mobile,"Samsung
Galaxy S6 Edge",Galaxy S6 Edge,,4.5 stars,1207.0,,,,,,,,,,,,,,,,,,,,,,"5.1 inches (~72.0% screen to body ratio), 1440 x 2560 pixels (~576 ppi pixel density)

Sensors: Accelerometer, gyro, proximity, compass, barometer, gesture, heart rate",HTML5,"1.5 GHz Quad-Core Cortex-A53 + 2.1 GHz Quad-Core Cortex-A57, Exynos 7420

GPU: Mali-T760",,,LTE,,"Bluetooth  v4.0 with A2DP, LE, apt-X, USB (microUSB v2.0 (MHL 3 TV-out), USB Host), WLAN (Wi-Fi 802.11 a/b/g/n/ac, dual-band, Wi-Fi Direct, hotspot), GPRS, EDGE, 3G (HSPA 42.2/5.76 Mbps), 4G (LTE Cat6 300/50 Mbps)","White Pearl, Black Sapphire, Gold Platinum, Green Emerald",,132 g,,,142.1 x 70.1 x 7 mm,,,,,,4.5,4.5,4.203702783686012
950,1541228295-24,Samsung Mobile,"Samsung
Galaxy S6",Galaxy S6,,4.5 stars,1172.0,,,,,,,,,,,,,,,,,,,,,,"1440 x 2560 pixels, 5.1 inches (~70.7% screen to body ratio) (~554 ppi pixel density)

Sensors: Accelerometer, gyro, proximity, compass, barometer, gesture, heart rate",HTML5,"1.5 Quad-Core GHz Cortex-A53, 2.1 GHz Quad-Core Cortex-A57, Exynos 7420

GPU: Mali-T760",,,LTE,,"Bluetooth  v4.0 with A2DP, LE, apt-X, USB (microUSB v2.0 (MHL 3 TV-out), USB Host), WLAN (Wi-Fi 802.11 a/b/g/n/ac, dual-band, Wi-Fi Direct, hotspot), GPRS, EDGE, 3G (HSPA 42.2/5.76 Mbps), 4G (LTE Cat6 300/50 Mbps)","White Pearl, Black Sapphire, Gold Platinum, Blue Topaz",,138 g,,,143.4 x 70.5 x 6.8 mm,,,,,,4.5,4.5,4.19695121951219
628,1541164049-470,HTC,"HTC
One M8",One M8,0,5 stars,432.0,,Up to 14 h,Yes,built-in + downloadable,"SMS(threaded view), MMS, Email, Push Mail",HTML5,"3.5mm audio jack, Speakerphone",,"GPRS, EDGE, 3G (HSDPA, 42 Mbps (21 Mbps - AT&T), HSUPA, 5.76 Mbps;), 4G (LTE, Cat4, 50 Mbps UL, 150 Mbps DL)",Yes,"microUSB v2.0 (MHL), USB On-the-go, USB Host",Yes + A-GPS support & Glonass,v4.0 with A2DP,,"5 MP (1080p@30fps), HDR","Wi-Fi 802.11 a/b/g/n/ac, Wi-Fi Direct, DLNA, Wi-Fi hotspot",,,,Corning Gorilla Glass 3,1080 x 1920 pixels (~441 ppi pixel density),5.0 inches,,Adreno 330,Qualcomm MSM8974AB Snapdragon 801,,LTE 700 / 900 / 1800 / 2100 / 2600,HSDPA 850 / 900 / 1900 / 2100,,"Gunmetal Gray, Glacial Silver, Amber Gold",,160 g,146.4 x 70.6 x 9.4 mm,,"Android OS, v4.4.2 (KitKat)",,,,,,5,5.0,4.186579237651665
1030,1541231338-254,Nokia,"Nokia
3",3,142,4.8 stars,571.0,"Price in Rs: 16,400    Price in USD: $142",,Yes,Built-in + Downloadable,"SMS(threaded view), MMS, Email, Push Mail, IM",HTML5,"3.5mm Audio Jack,  MP4/H.264 player, MP3/WAV/eAAC+/FLAC player, Speaker Phone",,"GPRS, EDGE, 3G (HSPA 42.2/5.76 Mbps), 4G (LTE Cat4 150/50 Mbps)",Yes,"microUSB v2.0, USB On-The-Go",Yes + A-GPS support,v4.2 with A2DP,,"8 MP, f/2.0, autofocus",,,"8 MP, autofocus, LED flash",,Corning Gorilla Galss (unspecified version),720 x 1280 pixels (~294 PPI pixel density),5.0 Inches,,Mali-T720MP2,Mediatek MT6737,,"LTE band 1(2100), 3(1800), 5(850), 7(2600), 8(900), 20(800), 28(700), 38(2600), 40(2300)",HSDPA 850 / 900 / 1900 / 2100,,"Silver White, Matte Black, Tempered Blue, Copper White",Dual Sim (Mini-SIM),,143.4 x 71.4 x 8.5 mm,,Android OS 7.0 (Nougat),,,,,,4.8,4.8,4.185365853658529
1041,1541231310-250,Nokia,"Nokia
230",230,71,5 stars,430.0,,,Yes,Built-in + downloadable,"SMS(threaded view), MMS, IM",WAP 2.0/xHTML,,,"GPRS Up to 85.6 kbps, EDGE Up to 236.8 kbps",No,microUSB v1.1,No,v3.0 with A2DP,,"2.0 MP Camera, LED flash",,,,,,240 x 320 pixels (~143 ppi pixel density),2.8 Inches,,,,,,,,"Black, White","Mini SIM, Dual Standby",91.8 g,,,,,,,,,5,5.0,4.184530318854817
1006,1541230559-186,OPPO Mobile,"Oppo
A37",A37,,4.5 stars,1093.0,,,,,,,,,,,,,,,,,,,,,,"5.0 Inches, 720 x 1280 pixels

Sensors: Accelerometer, proximity, compass",HTML5,"1.2 GHz Quad-Core Cortex-A53, Qualcomm MSM8916 Snapdragon 410

GPU: Adreno 306",,,LTE,,"Bluetooth v4.0, A2DP, EDR, USB (microUSB v2.0, USB Host), WLAN (Wi-Fi 802.11 b/g/n, hotspot, GPRS, EDGE, 3G HSPA, LTE",Various,"SIM1: GSM 850 / 900 / 1800 / 1900

SIM2: GSM 850 / 900 / 1800 / 1900",136g,,,143.1 x 71 x 7.7mm,,,,,,4.5,4.5,4.180519610961376
916,1541228198-12,Samsung Mobile,"Samsung
Galaxy S7 Edge",Galaxy S7 Edge,,4.5 stars,1047.0,,,,,,,,,,,,,,,,,,,,,,"5.5 inches, 1440 x 2560 pixels (~534 ppi pixel density)

Sensors: Accelerometer, gyro, proximity, compass, barometer, heart rate, SpO2, Fingerprint (front-mounted)",HTML5,"Quad-core (2 x 2.15 GHz Kryo + 2 x 1.6 GHz Kryo)
, Qualcomm MSM8996 Snapdragon 820

GPU: Adreno 530

Octa-core (4 x 2.3 GHz Mongoose + 4 x 1.6 GHz Cortex-A53), Exynos 8890 Octa

GPU: Mali-T880 MP12",,,"LTE band 1(2100), 2(1900), 3(1800), 4(1700/2100), 5(850), 7(2600), 8(900), 12(700), 13(700), 17(700), 18(800), 19(800), 20(800), 25(1900), 26(850), 28(700), 38(2600), 39(1900), 40(2300), 41(2500)",,"Bluetooth v4.2 with A2DP, LE, apt-X, USB (microUSB v2.0, USB Host), NFC, WLAN (Wi-Fi 802.11 a/b/g/n/ac, dual-band, Wi-Fi Direct, hotspot), GPRS, EDGE, 3G (HSPA 42.2/5.76 Mbps), 4G (LTE Cat9 450/50 Mbps)","Black, White, Gold, Silver, Pink Gold, Black Pearl, Coral Blue",,157 g,,,150.9 x 72.6 x 7.7 mm,,,,,,4.5,4.5,4.170104233288962
871,1541180443-750,QMobile,"QMobile
Noir A900",Noir A900,0,4.3 stars,2461.0,,,Yes,built-in + downloadable,"SMS(threaded view), MMS, Email, Push Mail, IM",HTML5,"3.5mm audio jack, Speakerphone",,"GPRS Class 12, EDGE Class 12, 3G",No,Yes,Yes + A-GPS support,v4.0 with A2DP,,"(2MP, Full HD)",,,"Wi-Fi 802.11 b/g/n, Wi-Fi hotspot",,,720 x 1280 pixels,4.7 inches,"4 GB built-in, 1 GB RAM",(PowerVR Series5XT),,"IPS Retina HD touchscreen, 16.7M colors, Multitouch",,WCDMA (900 / 2100),,Black,"Dual-SIM, Micro-SIM",,137 X 68 X 7.9 mm,,"Android OS, v4.2 Jelly bean

OTA (Over-The-Air Updates)",,,,,,4.3,4.3,4.160997194042734
924,1541228231-16,Samsung Mobile,"Samsung
Galaxy A7 2016",Galaxy A7 2016,0,5 stars,401.0,,,Yes,Built-in + downloadable,"SMS(threaded view), MMS, Email, Push Mail, IM",HTML5,"3.5mm Audio Jack, MP4/WMV/H.264 player, MP3/WAV/WMA/eAAC+/FLAC player, Speaker Phone",,"GPRS, EGDE, 3G (HSPA 42.2/5.76 Mbps), 4G (LTE-A Cat6 300/50 Mbps)",Yes,microUSB v2.0,Yes + A-GPS support & Glonass,"v4.1 with A2DP, LE, EDR",,"5.0 MP, f/1.9, 24mm, 1080p","Wi-Fi 802.11 a/b/g/n, dual-band, WiFi Direct, hotspot",,,,Corning Gorilla Glass 4,1080 x 1920 pixels (~401 ppi pixel density),5.5 Inches,,Mali-T720MP2,Exynos 7580 Octa,,"LTE band 1(2100), 3(1800), 5(850), 7(2600), 8(900), 20(800)",HSDPA 850 / 900 / 1900 / 2100,,"Black, White, Gold, Pink","Dual SIM, Dual Standby, Nano-SIM",172 g,151.5 x 74.1 x 7.3 mm,,,,,,,,5,5.0,4.153617089112059
1074,1541230853-214,Nokia,"Nokia
XL",XL,0,4.3 stars,1883.0,,,Yes,built-in,"SMS (threaded view), MMS, Email, Push Email, IM",HTML,"3.5mm audio jack, Speakerphone",,"GPRS, 3G",No,microUSB v2.0,Yes,v3.0 with A2DP,,2MP,,,,,,480 x 800 pixels,5.0 inches,,Adreno 203,Qualcomm MSM8225 Snapdragon S4 Play,,,HSDPA 900 / 2100,,Various,"Dual-SIM, Mini-SIM",190 g,141.3 x 77.7 x 10.8mm,,"Nokia X 1.0 (based on Android OS, v4.1.2 Jelly Bean)",,,,,,4.3,4.3,4.1252412430666325
997,1541230662-200,OPPO Mobile,"Oppo
F5",F5,276,4.7 stars,571.0,"Price in Rs: 31,899    Price in USD: $276",,Yes,Built-in + Downloadable,"SMS(threaded view), MMS, Email, Push Mail, IM",HTML5,"3.5mm Audio Jack, MP4/H.264/FLAC player, MP3/eAAC+/WAV player, Speaker Phone",,"GPRS, Edge, 3G HSPA, 4G LTE",Yes,"microUSB 2.0, USB On-The-Go",Yes + A-GPS support,"v4.2 with A2DP, LE",,"20 MP with Artifical Intellegence, f/2.0, 1/2.8",,,,,Corning Gorilla Glass 5,1080 x 2160 Pixels (~402 PPI),6.0 Inches,"LTPS IPS LCD Capacitive Touchscreen, 16M Colors, Multitouch",Mali-G71 MP2,MediaTek Helio P23,2.5 GHz Octa Core,"LTE band 1(2100), 3(1800), 5(850), 7(2600), 8(900), 38(2600), 39(1900), 40(2300), 41(2500)",HSDPA 850 / 900 / 2100,"SIM1: GSM 850 / 900 / 1800 / 1900
SIM2: GSM 850 / 900 / 1800 / 1900","Black, Gold, Red","Dual Sim, Dual Standby (Nano-SIM)",152 g,156.5 x 76 x 7.5 mm,Color OS 3.2,Android v7.1.2 Nougat,,,,,,4.7,4.7,4.124296334941952
942,1541228286-23,Samsung Mobile,"Samsung
Galaxy A7",Galaxy A7,,5 stars,372.0,,,,,,,,,,,,,,,,,,,,,,"720 x 1280 pixels, 5.5 inches (~267 ppi pixel density)

Sensors: Accelerometer, proximity, compass",HTML5,"1.5 GHz Quad-core Cortex-A53, 1.0 GHz Quad-Core Cortex-A53, Qualcomm MSM8939 Snapdragon 615 
GPU: Adreno 405

1.8GHZ Quad-Core Cortex-A15, 1.3GHZ Quad-Core Cortex-A7, Exynos 5 Octa 5430 - A700F

GPU: Mali-T628 MP6 - A700F",,,LTE,,"Bluetooth v4.0, A2DP, EDR, LE, USB (microUSB v2.0), WLAN (Wi-Fi 802.11 a/b/g/n, dual-band, hotspot, GPRS, EGDE, 3G (HSPA 42.2/5.76 Mbps), 4G (LTE Cat4 150/50 Mbps)","Pearl White, Midnight Black, Champagne Gold",,141 g,,,151 x 76.2 x 6.3 mm,,,,,,5,5.0,4.120267762460224
907,1541228397-36,Samsung Mobile,"Samsung
Galaxy Core Prime",Galaxy Core Prime,29,4.3 stars,1425.0,,,Yes,built-in + downloadable,"SMS(threaded view), MMS, Email, Push Mail, IM, RSS",HTML,"3.5mm Audio Jack, MP4/WMV/H.264 player, MP3/WAV/WMA/eAAC+/FLAC player, Speaker Phone",,"GPRS, EDGE, 3G (HSPA 42.2/5.76 Mbps), 4G (LTE Cat4 150/50 Mbps)",Yes,microUSB v2.0,Yes + A-GPS support,v4.0 with A2DP,,2 MP,"Wi-Fi 802.11 b/g/n, Wi-Fi Direct, DLNA, Wi-Fi hotspot",,,,,480 x 800 pixels (~207 ppi pixel density),4.5 Inches,,Adreno 306,Qualcomm MSM8916 Snapdragon 410,,LTE 700 / 850 / 900 / 1800 / 2100 / 2600,HSDPA 850 / 900 / 1900 / 2100,,White,"Dual Sim, Dual Standby (Micro-SIM)",130 g,130.8 x 67.9 x 8.8 mm,,"Android OS, v4.4.2 (KitKat)",,,,,,4.3,4.3,4.0805014383290805
927,1541228356-31,Samsung Mobile,"Samsung
Galaxy Note 3",Galaxy Note 3,0,4.2 stars,2488.0,Price in Rs: Discontinued    Price in USD: $0,,Yes,built-in + downloadable,"SMS(threaded view), MMS, Email, Push Mail, IM, RSS",HTML5,"3.5mm audio jack, Speakerphone",,"GPRS Class 12 (48 kbps), EDGE, 3G (HSDPA 42 Mbps, HSUPA), 4G LTE",Yes,Yes,Yes + A-GPS support & Glonass,"v4.0 with A2DP, LE, EDR",,2 MP,,,"Wi-Fi 802.11 a/b/g/n, dual-band, DLNA, Wi-Fi Direct, Wi-Fi hotspot",,,1080 x 1920 pixels,5.7 inches,"32/64GB built-in, 3GB RAM","GPU, S Pen stylus, Active noise cancellation with dedicated mic, Air gestures, Document editor (Word, Excel, PowerPoint, PDF), Google Search, Maps, Gmail, Voice memo/dial/commands, Predictive text input (Swype), YouTube, Calendar, Speakerphone",Qualcomm Snapdragon 800,"Super AMOLED capacitive touchscreen, 16M colors, Multitouch",LTE 700 / 1900 / 2100,HSDPA 850 / 1900 / 2100,,"Black, White, Pink",,168 g,151.2 x 79.2 x 8.3 mm,,"Android OS, v4.3 (Jelly Bean)",,,,,,4.2,4.2,4.075076112612456
1037,1541231099-227,Nokia,"Nokia
X2",X2,0,4.3 stars,1344.0,1800 mAh,Up to 552 hrs,Yes,built-in,"SMS (threaded view), MMS, Email, Push Email, IM",HTML,"3.5mm audio jack, Speakerphone","Accelerometer, proximity","GPRS Up to 85.6 kbps, EDGE Up to 236.8 kbps, 3G (HSDPA, 21 Mbps; HSUPA, 5.76 Mbps)",No,microUSB v2.0,Yes,v3.0 with A2DP,,"VGA, 480p",,,,ClearBlack display,Scratch-resistant glass,480 x 800 pixels,4.3 inches,,Adreno 302,Qualcomm MSM8210 Snapdragon 200,,,HSDPA 900 / 2100,"Sim:1 850 / 900 / 1800 / 1900
Sim:2 850 / 900 / 1800 / 1900","Bright green, bright red, cyan, yellow, black, white","Dual-SIM, Mini-SIM",150 g,121.7 x 68.3 x 11.1 mm,Nokia X platform 2.0 UI,"Android OS, v4.3 (Jelly Bean)",,,,,,4.3,4.3,4.0700919632147095
1003,1541230581-189,OPPO Mobile,"Oppo
A57",A57,,4.4 stars,821.0,,,,,,,,,,,,,,,,,,,,,,"5.2 Inches, 720 x 1280 pixels 282 PPI

Sensors: Accelerometer, proximity, compass, Fingerprint",HTML5,"1.4 GHz Octa-Core Cortex-A53, Qualcomm MSM8940 Snapdragon 435

GPU: Adreno 505",,,"LTE band 1(2100), 3(1800), 5(850), 8(900), 38(2600), 39(1900), 40(2300), 41(2500)",,"Bluetooth v4.1, with A2DP USB (microUSB v2.0, USB Host), WLAN (Wi-Fi 802.11 b/g/n, hotspot), GPRS, EDGE, 3G HSPA, 4G LTE","Gold, Rose Gold","SIM1 GSM 850 / 900 / 1800 / 1900

SIM2: GSM 850 / 900 / 1800 / 1900",147 g,,,149.1 x 72.9 x 7.7 mm,,,,,,4.4,4.4,4.037904703097658
563,1541164306-485,HTC,"HTC
Explorer",Explorer,0,4.2 stars,1762.0,,,No,Built-in,"SMS(threaded view), MMS, Email, Push Email, IM",HTML (Adobe Flash),"3.5mm audio jack, Speakerphone",,"GPRS (80 kbps), EDGE 	 (236.8 kbps), 3G (HSDPA 14.4 Mbps, HSUPA 5.76 Mbps)",No,Yes,Yes + A-GPS support,"v3.0 with A2DP, EDR",,No,,,Wi-Fi 802.11 b/g/n + Wi-Fi hotspot,,,320 x 480 pixels  (~180 ppi pixel density),3.2 inches,"90 MB Built-in, 512 MB ROM, 512 MB RAM",Adreno 200,Qulacomm Snapdragon MSM7227,"TFT capacitive touchscreen, 256K colors",,HSDPA 900 / 2100,600MHz Cortex A5,"Active Black, Active Navy, Metallic Black, Metallic Navy",,108 g,102.8 x 57.2 x 12.9 mm,,"Android OS, v2.3 (Gingerbread)",,,,,,4.2,4.2,4.032416309111348
808,1541171953-614,LG Mobile,"LG
G2",G2,172,4.2 stars,1613.0,Average Rating is 4.2 stars - based on 1613 user reviews.,,Yes,Built-in + Downloadable,"SMS(threaded view), MMS, Email, Push Mail, IM, RSS",HTML5,,,"GPRS Class 12 (4+1/3+2/2+3/1+4 slots), EDGE Class 12, 3G, 4G",Yes,"USB (microUSB v2.0 (SlimPort), USB On-the-go, USB Host",No,"v4.0 with A2DP, LE",,(2.1MP),,,,,,1080 x 1920 pixels (~424 ppi pixel density),5.2 inches,,Adreno 330,MSM8974 Snapdragon 800,,LTE 900 / 1800 / 2100 / 2600 / 850,HSDPA 850 / 900 / 1900 / 2100,,"Black, White",,143 g,138.5 x 70.9 x 8.9 mm,,"Android OS, v4.2.2 (Jelly Bean)",,,,,,4.2,4.2,4.019786076464706
1066,1541231177-234,Nokia,"Nokia
Lumia 520",Lumia 520,0,4.2 stars,1500.0,Price in Rs: Discontinued    Price in USD: $0,,No,built-in,"SMS (threaded view), MMS, Email, Push Email, IM",HTML5,"3.5mm audio jack, Speakerphone",,"GPRS Class B, EDGE, 3G (HSDPA 21.1 Mbps)",No,Yes,Yes + A-GPS support & Glonass,v3.0 with A2DP,,No,,,,,Scratch-resistant glass,480 x 800 pixels,4.0 inches,,,Qualcomm MSM8227,"IPS LCD capacitive touchscreen, 16M colors, Multitouch",,HSDPA 900 / 2100,,"Yellow, red, cyan, white / black",Micro-SIM,124 g,"119.9 x 64 x 9.9 mm, 75.7 cc",,Microsoft Windows Phone 8,,,,,,4.2,4.2,4.0088610907568265
1049,1541230838-212,Nokia,"Nokia
206",206,0,4.2 stars,1389.0,,,No,built-in,"SMS(threaded view), MMS, Email, IM","WAP 2.0 / xHTML, HTML",,,"GPRS (85.6 kbps), EDGE (236.8 kbps)",No,,No,v2.1 with EDR,,No,,,,,,240 x 320 pixels,2.4 inches,,,,,,,,"Cyan, Magenta, Yellow, Black, White",Dual-SIM,91 g,,,"116 x 49.4 x 12.4 mm, 64 cc",,,,,,4.2,4.2,3.9967581706621362
1036,1541230895-216,Nokia,"Nokia
X",X,0,4.2 stars,1290.0,Average Rating is 4.2 stars - based on 1290 user reviews.,,No,built-in,"SMS (threaded view), MMS, Email, Push Email, IM",HTML,"3.5mm audio jack, Speakerphone",,"GPRS Up to 85.6 kbps, EDGE Up to 236.8 kbps, 3G (HSDPA, 7.2 Mbps; HSUPA, 5.76 Mbps)",No,microUSB v2.0,Yes,v3.0 with A2DP,,No,,,,,,480 x 800 pixels (~233 ppi pixel density),4.0 inches,,Adreno 203,Qualcomm MSM8225 Snapdragon S4 Play,,,HSDPA 900 / 2100,,Various,"Dual-SIM, Mini-SIM",128.66 g,115.5 x 63 x 10.4mm,,"Nokia X 1.0 (based on Android OS, v4.1.2 Jelly Bean)",,,,,,4.2,4.2,3.9845931518565445
169,1541175551-672,Sony,"Sony
Xperia Z",Xperia Z,0,4.2 stars,1247.0,Average Rating is 4.2 stars - based on 1247 user reviews.,,Yes,built-in + downloadable,"SMS(threaded view), MMS, Email, IM, Push Mail",HTML5,"3.5mm audio jack, Speakerphone",,"GPRS, EDGE, 3G (HSDPA 42 Mbps, HSUPA 5.8 Mbps), 4G LTE",Yes,Yes,Yes + A-GPS support & Glonass,v4.0 with A2DP,,2.2 MP,,,,,,1080 x 1920 pixels,5.0 inches,,,Qualcomm MDM9215M / APQ8064,,LTE 800 / 850 / 900 / 1800 / 2100 / 2600,HSDPA 850 / 900 / 2100,,"Black, White, Purple",,146 g,139 x 71 x 7.9 mm,Timescape UI,"Android OS, v4.1.2 (Jelly Bean), planned upgrade to v4.2 (Jelly Bean)",,,,,,4.2,4.2,3.978843620838439
908,1541228336-29,Samsung Mobile,"Samsung
Galaxy Core 2",Galaxy Core 2,0,4.2 stars,1164.0,,,Yes,built-in + downloadable,"SMS(threaded view), MMS, Email, Push Mail, IM, RSS",HTML 5,"3.5mm audio jack, Speakerphone",,"GPRS, EDGE, 3G (HSDPA, 21 Mbps; HSUPA, 5.76 Mbps)",No,V2.0,Yes + A-GPS support & Glonass,v4.0 with A2DP,,VGA,,,,,,480 x 800 pixels (~207 ppi pixel density),4.5 inches,,,,,,HSDPA 900 / 2100,,"White, Black",Dual-SIM,138 g,130.3 x 68 x 9.8 mm,,"Android OS, v4.4.2 (KitKat)",,,,,,4.2,4.2,3.9668305452687993
1071,1541230929-218,Nokia,"Nokia
E72",E72,0,4.2 stars,1162.0,,,Yes,Downloadable,"SMS, MMS, Email, Instant Messaging","WAP 2.0/xHTML, HTML",3.5mm audio jack,,"GPRS Class 32 (100 kbps), EDGE Class 32 (296 kbps), 3G (HSDPA 10.2 Mbps)",No,Yes,Yes + A-GPS support,v2.0 with A2DP,,Videocall camera,,,,Optical trackpad,,320 x 240 pixels,2.3 inches,,,,,,,ARM 11 600 MHz,"Zodium Black, Metal Grey, Topaz Brown",,128 g,"114 x 58 x 10 mm, 65 cc",Series 60 v3.2 UI,Symbian OS 9.3,,,,,,4.2,4.2,3.966524949653162
964,1541228311-26,Samsung Mobile,"Samsung
Galaxy A5",Galaxy A5,0,4.2 stars,1147.0,,,Yes,built-in + downloadable,"SMS(threaded view), MMS, Email, Push Mail, IM",HTML5,"3.5mm audio jack, Speakerphone",,"GPRS, EDGE, 3G (HSDPA, 42.2 Mbps; HSUPA, 5.76 Mbps), 4G (LTE, Cat4, 50 Mbps UL, 150 Mbps DL)",Yes,microUSB v2.0,Yes + A-GPS support & Glonass,"v4.0 with A2DP, LE, EDR",,5 MP,,,,,,720 x 1280 pixels (~294 ppi pixel density),5.0 inches,,Adreno 306,Qualcomm MSM8916 Snapdragon 410,,LTE,HSDPA 850 / 900 / 1900 / 2100,,"Pearl White, Midnight Black, Platinum Silver, Soft Pink, Light Blue, Champagne Gold",Dual-SIM,123 g,139.3 x 69.7 x 6.7 mm,,,,,,,,4.2,4.2,3.964207196009745
928,1541228553-62,Samsung Mobile,"Samsung
Galaxy A5 2017",Galaxy A5 2017,364,4.5 stars,454.0,,,Yes,built-in + downloadable,"SMS(threaded view), MMS, Email, Push Mail, IM",HTML5,"3.5mm audio jack, Speakerphone",,"GPRS, EDGE, 3G (HSPA 42.2/5.76 Mbps), 4G (LTE-A (2CA) Cat6 300/50 Mbps)",Yes,Type-C 1.0 reversible connector,Yes + A-GPS support & Glonass,"v4.2 with A2DP, LE, EDR","WLAN Wi-Fi 802.11 a/b/g/n/ac, dual-band, WiFi Direct, hotspot","16 MP, f/1.9, 1080p","16 MP, autofocus, LED flash",microSD card (support up to 256GB) (dedicated slot),"32GB built-in, 3GB RAM",Always-on display,Corning Gorilla Glass,1080 x 1920 pixels (~424 PPI pixel density),5.2 Inches,"Super AMOLED capacitive touchscreen, 16M colors, Multitouch",Mali-T830MP3,Exynos 7880 Octa,1.9 GHz Octa-Core Cortex-A53,"LTE band 1(2100), 2(1900), 3(1800), 4(1700/2100), 5(850), 7(2600), 8(900), 17(700), 20(800), 28(700), 38(2600), 40(2300), 41(2500)",HSDPA 850 / 900 / 1700(AWS) / 1900 / 2100,"SIM1: GSM 850 / 900 / 1800 / 1900
SIM2: GSM 850 / 900 / 1800 / 1900","Black Sky, Gold Sand, Blue Mist, Peach Cloud","Dual-SIM, Dual Standby, Nano-SIM",157 g,146.1 x 71.4 x 7.9 mm,,,,,,,,4.5,4.5,3.9309499672013746
307,1541180014-743,QMobile,"QMobile
Noir S3",Noir S3,0,4.3 stars,682.0,,,Yes,built-in + downloadable,"SMS(threaded view), MMS, Email, Push Mail, IM",HTML5,"3.5mm audio jack, Speakerphone",,"GPRS, EDGE, 3G",No,Yes,Yes + A-GPS support,v4.0 with A2DP,,5 MP Camera,,,,,,720 x 1280 pixels,5.0 inches,,Mali-400 MP,Media Tek MT6580,,,WCDMA: 850 / 900 / 1900 / 2100,,Black,Dual-SIM,141 g,147 x 71 x 8 mm,,Android 5.1 (Lollipop),,,,,,4.3,4.3,3.924586112017901
957,1541228258-20,Samsung Mobile,"Samsung
Galaxy J5",Galaxy J5,,4 stars,3132.0,,,,,,,,,,,,,,,,,,,,,,"5.0 inches, 720 x 1280 pixels (~294 ppi pixel density)

Sensors: Accelerometer, proximity",HTML5,"1.2 GHz Quad-Core Cortex-A53, Qualcomm MSM8916 Snapdragon 410

GPU: Adreno 306",,,LTE 800 / 850 / 900 / 1800 / 2100 / 2600,,"Bluetooth v4.0, A2DP, USB (microUSB v2.0), WLAN (Wi-Fi 802.11 b/g/n, Wi-Fi Direct, hotspot, GPRS, EGDE, 3G (HSPA 21.1/5.76 Mbps)","White, Black, Gold","SIM1: GSM 850 / 900 / 1800 / 1900

SIM2: GSM 850 / 900 / 1800 / 1900",146 g,,,142.1 x 71.8 x 7.9 mm,,,,,,4,4.0,3.918912206284532
913,1541228515-56,Samsung Mobile,"Samsung
Galaxy C7",Galaxy C7,,4.2 stars,822.0,,,,,,,,,,,,,,,,,,,,,,"5.7 inches, 1080 x 1920 pixels (~386 ppi pixel density)

Sensors: Accelerometer, proximity, compass, Fingerprint",HTML5,"2.0 GHz Octa-Core Cortex-A53, Qualcomm MSM8953 Snapdragon 625

GPU: Adreno 506",,,LTE,,"Bluetooth v4.2 with A2DP, LE, USB (microUSB v2.0), NFC, WLANWi-Fi 802.11 a/b/g/n/ac, dual-band, WiFi Direct, hotspot), GPRS, EDGE, 3G HSPA, 4G (LTE Cat4 150/50 Mbps)","Gold, Pink Gold, Dark Gray","SIM1: GSM 850 / 900 / 1800 / 1900

SIM2: GSM 850 / 900 / 1800 / 1900",169g,,,156.6 x 77.2 x 6.7 mm,,,,,,4.2,4.2,3.8995928104306286
229,1541174819-660,Sony,"Sony
Xperia Z2",Xperia Z2,0,4.2 stars,806.0,,,Yes,built-in + downloadable,"SMS (threaded view), MMS, Email, IM, Push Email",HTML5,"3.5mm audio jack, Speakerphone",,"GPRS (Up to 107 kbps), EDGE (Up to 296 kbps), 3G (HSDPA, 42 Mbps; HSUPA, 5.8 Mbps), 4G (LTE, Cat4, 50 Mbps UL, 150 Mbps DL)",Yes,"microUSB v2.0 (MHL), USB On-the-go",Yes + A-GPS support & Glonass,v4.0 with A2DP,,2.2MP 1080p@30fps,,,,,,1080 x 1920 pixels (~424 ppi pixel density),5.2 inches,,Adreno 330,Qualcomm MSM8974AB Snapdragon 800,,LTE 850 / 900 / 1700 / 1800 / 1900 / 2100 / 2600,HSDPA 850 / 900 / 1700 / 1900 / 2100,,"Black, White, Purple",,158 g,146.8 x 73.3 x 8.2 mm,,"Android OS, v4.4.2 (KitKat)",,,,,,4.2,4.2,3.8954846779236965
184,1541180382-749,QMobile,"QMobile
Noir Z6",Noir Z6,0,4.2 stars,801.0,,,Yes,built-in + downloadable,"SMS(threaded view), MMS, Email, Push Mail",HTML5,"3.5mm audio jack, Speakerphone",,"GPRS (Class 12 (4+1/3+2/2+3/1+4 slots), 32 - 48 kbps), EDGE Class 12, 3G (HSDPA, 21 Mbps; HSUPA, 5.76 Mbps)",No,"microUSB v2.0, USB On-the-go",Yes + A-GPS support,"v4.0 with A2DP, EDR",,5MP,"Wi-Fi 802.11 b/g/n, Wi-Fi Direct, Wi-Fi hotspot",,,,Corning Gorilla Glass 3 (front and back),1080 x 1920 pixels (~441 ppi pixel density),5.0 inches,,Mali-450MP4,Mediatek MT6592,,,WCDMA 900 / 2100,,Black,,133 g,145.1 x 70. 2 x 5.55mm,Amigo UI 2.0,"Android Jelly bean (version 4.2.1), Upgradable to KitKat (v4.4.2)",,,,,,4.2,4.2,3.8941777452109223
995,1541230619-194,OPPO Mobile,"Oppo
F1s 4GB",F1s 4GB,,4.4 stars,484.0,,,,,,,,,,,,,,,,,,,,,,"5.5 inches, 720 x 1280 pixels (~267 ppi pixel density)

Sensors: Accelerometer, proximity, compass, Fingerprint",HTML5,"1.5 GHz Octa-core Cortex-A53, Mediatek MT6750

GPU: Mali-T860MP2",,,"LTE band 1(2100), 3(1800), 5(850), 7(2600), 8(900), 20(800), 28(700), 38(2600), 39(1900), 40(2300), 41(2500)",,"Bluetooth v4.0, USB (microUSB v2.0, USB Host), WLAN (Wi-Fi 802.11 a/b/g/n, Wi-Fi Direct, hotspot), GPRS, EDGE, 3G (HSPA 42.2/5.76 Mbps), 4G (LTE Cat6 300/50 Mbps)","Gold, Rose Gold, Gray","SIM1: GSM 900 / 1800 / 1900

SIM2: GSM 900 / 1800 / 1900",160 g,,,154.5 x 76 x 7.4 mm,,,,,,4.4,4.4,3.894005982512647
191,1541194295-976,Apple iphone,"Apple
iphone 6s",iphone 6s,,4.2 stars,800.0,,,,,,,,,,,,,,,,,,,,,,"4.7 inches , 750 x 1334 pixels (~326 ppi pixel density)

Sensors: Accelerometer, gyro, proximity, compass, barometer",HTML5 (Safari),,,,"LTE band 1(2100), 2(1900), 3(1800), 4(1700/2100), 5(850), 7(2600), 8(900), 12(700), 13(700), 17(700), 18(800), 19(800), 20(800), 25(1900), 26(850), 28(700), 29(700)",,"Bluetooth v4.1 with A2DP, LE, USB (v2.0, reversible connector), WLAN (Wi-Fi 802.11 a/b/g/n/ac, dual-band, hotspot), NFC (Apple Pay only), GPRS, EDGE, 3G (HSPA 42.2/5.76 Mbps, 4G LTE Cat6 300/50 Mbps, EV-DO Rev.A 3.1 Mbps","Space Gray, Silver, Gold, Rose Gold",,143 g,,,138.1 x 67 x 6.9 mm,,,,,,4.2,4.2,3.8939150113150554
600,1541160636-232,G'Five,"GFive
President G9",President G9,69,4.2 stars,788.0,,,No,Built-in,"SMS, MMS",HTML,"3.5mm audio jack, Speakerphone",,"GPRS, EDGE",No,Yes,No,Yes,,"(3MP), Video",,,,,,720 x 1280 pixels,5.7 inches,,,MTK MT6589,,,,Quad-core 1.3GHz,Black,Dual-SIM,,142 x 70 x 6.9mm,,Android 4.1,,,,,,4.2,4.2,3.890726626016254
1079,1541230830-211,Nokia,"Nokia
Lumia 620",Lumia 620,0,4.2 stars,776.0,Price in Rs: Discontinued    Price in USD: $0,,Yes,built-in,"SMS (threaded view), MMS, Email, Push Email, IM",HTML5,"3.5mm audio jack, Speakerphone",,"GPRS Class B, EDGE Class B, 3G (HSDPA 21 Mbps, HSUPA 5.76 Mbps)",Yes,Yes,Yes + A-GPS support & Glonass,"v3.0 with A2DP, EDR",,Yes,,,,ClearBlack display,,480 x 800 pixels,3.8 inches,,,Qualcomm Snapdragon S4,"TFT capacitive touchscreen, 16M colors, Multitouch",,HSDPA 850 / 900 / 1900 / 2100,,"Lime green, orange, magenta, yellow, cyan, white, black",Micro-SIM,127 g,"115.4 x 61.1 x 11 mm, 76 cc",,Microsoft Windows Phone 8,,,,,,4.2,4.2,3.8874711168164255
1054,1541230993-222,Nokia,"Nokia
110",110,0,4.2 stars,745.0,,,No,built-in,"SMS(threaded view), MMS, Email, IM",WAP 1.1,,,"GPRS, EDGE",No,,No,v2.1 with EDR,,No,,,,,,128 x 160 pixels,1.8 inches,,,,,,,,"Black, Magenta, Lime Green, Cyan",Dual-SIM,80 g,,,"110 x 46 x 14.5 mm, 63 cc",,,,,,4.2,4.2,3.878734962281988
500,1541160219-199,Sony Ericsson,"Sony Ericsson
Xperia Arc S",Xperia Arc S,0,4.2 stars,699.0,Average Rating is 4.2 stars - based on 699 user reviews.,,Yes,built-in,"SMS (threaded view), MMS, Email, IM, Push Email","HTML, Adobe Flash","3.5mm audio jack, Speakerphone",,"GPRS (86 kbps), EDGE (237 kbps), 3G (HSDPA 14.4 Mbps, HSUPA 5.8 Mbps)",No,Yes,Yes + A-GPS support,"v2.1 with A2DP, EDR",,No,,,,Sony Mobile BRAVIA Engine,Scratch Resistant Glass,480 x 854 pixels,4.2 inches,,Adreno 205,,,,,1.4 GHz,"Pure White, Midnight Blue, Misty Silver, Gloss Black, Sakura Pink",,117 g,125 x 63 x 8.7 mm,Timescape UI,Android OS v2.3.4 (Gingerbread),,,,,,4.2,4.2,3.864832618222695
237,1541193624-965,Apple iphone,"Apple
iphone 5 16GB",iphone 5 16GB,0,4 stars,1542.0,,Up to 8 hrs,Yes,built-in + downloadable,"iMessage, SMS (threaded view), MMS, Email, Push",HTML (Safari),"3.5mm audio jack, Speakerphone",,"GPRS, EDGE, 3G (HSDPA 21 Mbps, HSUPA 5.76 Mbps), 4G LTE",No,Yes,Yes + A-GPS support,v4.0 with A2DP,,"1.2 MP, 720p@30fps, face detection, FaceTime over Wi-Fi or Cellular",,,"8 MP, 3264 x 2448 pixels, autofocus, LED flash",,"Corning Gorilla Glass, Oleophobic coating",640 x 1136 pixels (~326 ppi pixel density),4.0 inches,,PowerVR SGX 543MP3 (triple-core graphics),Apple A6,,LTE 850 / 1800 / 2100,HSDPA 850 / 900 / 1700 / 1900 / 2100,,"Black/Slate, White/Silver",Nano-SIM,112 g,123.8 x 58.6 x 7.6 mm,,"iOS 6, upgradable to iOS 8.3",,,,,,4,4.0,3.8512681391241994
510,1541193989-971,Apple iphone,"Apple
iphone 5S 16GB",iphone 5S 16GB,,4 stars,1447.0,,,,,,,,,,,,,,,,,,,,,,"640 x 1136 pixels (~326 ppi pixel density), 4.0 inches

Sensors: Accelerometer, gyro, proximity, compass",HTML (Safari),"1.3 GHz Quad-Core Cyclone (ARM v8-based), Apple A7

GPU: PowerVR G6430 (quad-core graphics)",,,"LTE band 1(2100), 2(1900), 3(1800), 4(1700/2100), 5(850), 8(900), 13(700), 17(700), 19(800), 20(800), 25(1900)",,"Bluetooth v4.0 with A2DP, USB, WLAN (Wi-Fi 802.11 a/b/g/n, dual-band, Wi-Fi hotspot), GPRS, EDGE, 3G (DC-HSDPA, 42 Mbps; HSDPA, 21 Mbps; HSUPA, 5.76 Mbps, LTE, 100 Mbps; EV-DO Rev. A, up to 3.1 Mbps)","Space Gray, White/Silver, Gold",,112 g,,,123.8 x 58.6 x 7.6 mm,,,,,,4,4.0,3.8434660812648946
324,1541163905-450,Microsoft Mobile,"Microsoft
Lumia 640 XL",Lumia 640 XL,0,4.2 stars,617.0,,up to 31 hrs 20 min,Yes,built-in,"SMS (threaded view), MMS, Email, Push Email, IM",HTML5,"3.5mm audio jack, Speakerphone",,"GPRS, EDGE, 3G (HSPA 42.2/5.76 Mbps)",No,microUSB v2.0,Yes + A-GPS support & Glonass,v4.0 with A2DP,,"5 MP, 1080p",,,"13 MP, 4128 x 3096 pixels, autofocus, LED flash",ClearBlack display,Corning Gorilla Glass 3,720 x 1280 pixels (~259 ppi pixel density),5.7 inches (~69.1% screen to body ratio),,Adreno 305,Qualcomm Snapdragon 400,,,HSDPA 850 / 900 / 1900 / 2100,,"Matte cyan, Orange, Black, Matte white, Glossy white","Dual-SIM, Micro-SIM card",171 g,157.9 x 81.5 x 9 mm,,Microsoft Windows Phone 8.1 with Lumia Denim,,,,,,4.2,4.2,3.836816588349363
748,1541161809-314,VOICE,"Voice
Xtreme V30",Xtreme V30,0,4.2 stars,602.0,,,Yes,built-in,"SMS (threaded view), MMS, Email, Push Email, IM",HTML,"3.5mm audio jack, Speakerphone",,"GPRS, EDGE, 3G",No,Yes,Yes + A-GPS support & Glonass,v4.0,,Yes,,,,,,480 X 800 pixels,4.0 inches,,,,,,WCDMA:2100 MHZ,,Black,Dual-SIM,,127 x 64.5 x 11.3mm,,"Android OS, v4.2 (Jelly Bean)",,,,,,4.2,4.2,3.8311770943796324
515,1541193746-967,Apple iphone,"Apple
iphone 3G 8GB",iphone 3G 8GB,Apple's iPhone 3G,4.1 stars,751.0,,,No,Built-in,"SMS, Email",HTML (Safari),"3.5mm audio jack, Speakerphone",,"GPRS, EDGE, 3G (HSDPA)",No,Yes,Yes + A-GPS support,v2.0,,No,,,,,,320 x 480 pixels,3.5 inches,,,,,,,,"Black, White",,133 g,115.5 x 62.1 x 12.2 mm,,Mac OS X v10.4.10,,,,,,4.1,4.1,3.813109482664327
649,1541187379-864,QMobile,"QMobile
Noir i6i",Noir i6i,65,4.2 stars,556.0,,,Yes,Built-in + downloadable,"SMS(threaded view), MMS, Email, Push Mail, IM",HTML,"3.5mm audio jack, Speakerphone",,"GPRS, 3G",No,microUSB,Yes + A-GPS support,Yes,,2.0 MP Camera,,,,,,854 x 480 pixels,5.0 Inches,,,,,,WCDMA 900 / 2100,,Black,"Dual Sim, Dual Standby (Nano-SIM)",,145.2 x 73.2 x 9.05mm,,Android 5.0 (Lollipop),,,,,,4.2,4.2,3.812735949098614
377,1541163899-449,Microsoft Mobile,"Microsoft
Lumia 540",Lumia 540,0,4.2 stars,539.0,,,Yes,built-in,"SMS (threaded view), MMS, Email, Push Email, IM",HTML5,"3.5mm audio jack, Speakerphone",,"GPRS, EDGE Up to 236 kbps, 3G (HSPA 42.2/5.76 Mbps)",No,microUSB v2.0,Yes + A-GPS support,v4.0 with A2DP,,"5 MP Camera, 480p",,,,,,720 x 1280 pixels (~294 ppi pixel density),5.0 inches,,Adreno 302,Qualcomm Snapdragon 200,,,HSDPA 900 / 2100,,"Orange, white, black, gray, blue","Dual-SIM, Dual Standby, Micro-SIM",152 g,144 x 73.7 x 9.4 mm,,Microsoft Windows Phone 8.1 with Lumia Denim,,,,,,4.2,4.2,3.8054452637549554
478,1541191796-937,QMobile,"QMobile
Noir Z12 Pro",Noir Z12 Pro,,4.3 stars,427.0,,,,,,,,,,,,,,,,,,,,,,"5.5 inches, 1920 x 1080 pixels

Sensors: G-sensor, E-Compass, motion, light, Gyro sensor, Fingerprint",HTML5,,,,LTE,,"Bluetooth v4.0 with A2DP, USB, WLAN (Wi-Fi 802.11 b/g/n, Wifi hotspot), GPRS, EDGE, 3G HSPA, 4G LTE",Various,"SIM1: 850 / 900 / 1800 / 1900

SIM2: 850 / 900 / 1800 / 1900",N/a,,,N/a,,,,,,4.3,4.3,3.8035614072954798
179,1541160653-234,G'Five,"GFive
President G6",President G6,74,4.2 stars,523.0,,,Yes,Built-in,"SMS, MMS, Email, IM",HTML 5,"3.5mm audio jack, Speakerphone",,"GPRS, 3G",No,Yes,No,Yes,,VGA,,,Wi-Fi 802.11 b/g,,,540 x 960 pixels,5.0 inches,"4 GB built-in, 1 GB RAM",MALI-400MP,MTK6582M,QHD display,,,1.3 GHz Quad-core,Black,"Dual-SIM, Dual Standby",N/a,N/a,,Android 4.2(Jelly Bean),,,,,,4.2,4.2,3.798328154645687
421,1541191857-938,QMobile,"QMobile
Noir Z8 Plus",Noir Z8 Plus,156,4.2 stars,523.0,,,Yes,Built-in + downloadable,"SMS(threaded view), MMS, Email, Push Email, IM",HTML5,"3.5mm audio jack, Speakerphone",,"GPRS, EDGE, 3G (HSPA 21.1/5.76 Mbps), 4G",No,microUSB,Yes + A-GPS support,v4.0 with A2DP,,5.0 MP Camera,,,,,,720 x 1280 pixels,5.5 inches,,,Qualcomm snapdragon,,LTE,HSDPA 850 / 1900 / 2100,,Black,Dual-SIM,N/a,N/a,,Android 4.4 (Kit KAt),,,,,,4.2,4.2,3.798328154645687
947,1541228387-35,Samsung Mobile,"Samsung
Galaxy J1",Galaxy J1,29,4.2 stars,519.0,,,Yes,built-in + downloadable,"SMS(threaded view), MMS, Email, Push Mail, IM",HTML,"3.5mm Audio Jack, MP4/H.264 player, MP3/WAV/eAAC+/Flac player, Speaker Phone",,"GPRS, EDGE, 3G (HSPA 21.1/5.76 Mbps), 4G (LTE Cat4 150/50 Mbps)",Yes,microUSB v2.0,Yes + A-GPS support & Glonass,v4.0 with A2DP,,2 MP,"Wi-Fi 802.11 b/g/n, Wi-Fi Direct, hotspot",,,,,480 x 800 pixels (~217 ppi pixel density),4.3 Inches,,Mali-400,Spreadtrum,,"LTE band 1(2100), 3(1800), 7(2600), 8(900), 20(800)",HSDPA 850 / 900 / 2100,,"White, Black, Blue","Dual SIM, Dual Standby, Micro-SIM",122 g,129 x 68.2 x 8.9 mm,,"Android OS, v4.4.4 (KitKat)",,,,,,4.2,4.2,3.7965085766372875
1052,1541231235-241,Nokia,"Nokia
108",108,31,4.2 stars,514.0,,,Yes,built-in,SMS(thread view),,,,,No,Yes,No,v3.0,,No,,,,,,128 x 160 pixels,1.8 inches,,,,,,,,"Black, White, Red, Blue, Yellow",,70.2 g,110.4 x 47 x 13.5 mm,,Nokia series 30,,,,,,4.2,4.2,3.7942107894882966
432,1541161784-313,VOICE,"Voice
Xtreme V40",Xtreme V40,0,4.2 stars,507.0,,,Yes,Built-in,"SMS, MMS, email","HTML, Opera","3.5mm audio jack, Speakerphone",,"GPRS class 12, EDGE class 12, 3G HSPDA R6 (21mbps, HSUPA 5.6mbps)",No,Yes,Yes + A-GPS support,v2.1 with EDR,,1.3 Mp cam,,,,,,540 X 960 pixels,4.5 inches,,,,,,WCDMA:2100 MHZ,,"White, Black, Blue",Dual-SIM,,134 x 67 x 10.5mm,,Android 4.2 Jelly Bean,,,,,,4.2,4.2,3.7909495673601894
221,1541190552-916,QMobile,"QMobile
Noir LT700 3GB",Noir LT700 3GB,119,4.2 stars,502.0,Average Rating is 4.2 stars - based on 502 user reviews.,,Yes,built-in + downloadable,"SMS(threaded view), MMS, Email, Push Mail",HTML5,"3.5mm audio jack, Speakerphone",,"GPRS, EDGE, 3G HSPA, 4G LTE",No,Yes,Yes + A-GPS support,Yes with A2DP,,"5 MP Camera, auto focus",,,,,Dragon trail glass,1280 x 720 pixels (~294 ppi pixel density),5.0 inches,,,,"HD IPS Display, 16M colors, Multitouch",LTE,HSPA,,"White, Black",,137 g,143 x 70.3 x 7.9 mm,Amigo 3.1 UI,"Android OS, V5.1 (Lollipop)",,,,,,4.2,4.2,3.7885878443079966
154,1541188967-890,QMobile,"QMobile
Titan X700i",Titan X700i,86,4.2 stars,501.0,,,Yes,Built-in + downloadable,"SMS(threaded view), MMS, Email, Push Email, IM",HTML5,"3.5mm audio jack, Speakerphone",,"GPRS, EDGE, 3G HSPA",No,microUSB,Yes + A-GPS support,v4.0,,2.0 MP Camera,,,"Wi-Fi 802.11 b/g/n, Wi-Fi Direct, hotspot",,,1280 x 720 pixels,5.0 inches,"16GB built-in, 2GB (DDR3 RAM)",Mali400 MP2,,HD IPS LCD Display,,HSPA,,"White, silver, Gold",Dual SIM,157g,42.8 x 72.6 x 8.8mm,,Android 5.0 (Lollipop),,,,,,4.2,4.2,3.788112223318757
557,1541175124-665,Sony,"Sony
Xperia Z1",Xperia Z1,0,4.1 stars,661.0,,,Yes,built-in + downloadable,"SMS(threaded view), MMS, Email, IM, Push Mail",HTML5,3.5mm audio jack,,"GPRS, EDGE, 3G (HSDPA 42 Mbps, HSUPA 5.8 Mbps), 4G LTE",Yes,Yes,Yes + A-GPS support & Glonass,v4.0 with A2DP,,2MP,"Wi-Fi 802.11 a/b/g/n/ac, Wi-Fi Direct, DLNA, Wi-Fi hotspot",,,Triluminos display,Shatter proof scratch-resistant glass,1080 x 1920 pixels,5.0 inches,,"GPU, , Shatter proof and scratch-resistant glass, Active noise cancellation with dedicated mic, Organizer, Document viewer, Voice memo/dial, Predictive text input",Qualcomm MSM8974 Snapdragon 800,"16M colors, TFT Capacitive touchscreen, Multitouch (up to 10 fingers)",LTE 800 / 850 / 900 / 1700 / 1800 / 1900 / 2100 / 2600,HSDPA 850 / 900 / 1700 / 1900 / 2100,,"Black, White, Purple",,170 g,144 x 74 x 8.5 mm,,"Android OS, v4.3 (Jelly Bean)",,,,,,4.1,4.1,3.7879190957763162
395,1541189455-898,QMobile,"QMobile
Tablet QTab Q300",Tablet QTab Q300,100,4.2 stars,499.0,,,No,built-in + downloadable,"SMS(threaded view), MMS, Email, Push Mail, IM",chrome,,"Price in Rs: 11,500    Price in USD: $100",3G,No,Yes,Yes + A-GPS support,Yes,,2.0 MP,,,,,,1024 x 600 pixels,7.0 inches,,,,"8GB built-in, 1GB RAM",,,SVGA Screen,"White, black",,N/a,191 x 107.5 x 9.5mm,,"Android OS, v4.2 (Jelly Bean))",,,,,,4.2,4.2,3.7871576745894844
878,1541162199-333,BlackBerry,"BlackBerry
Bold Touch 9900",Bold Touch 9900,0,4.1 stars,657.0,,,Yes,built-in + downloadable,"SMS, MMS, Email, Push Email, IM",HTML,"3.5mm audio jack, Speakerphone",,"GPRS, EDGE, 3G (HSDPA 14.4Mbps, HSUPA 5.76Mbps)",Yes,Yes,A-GPS Only,"v2.1 with A2DP, EDR",,No,,,,"Touch-sensitive controls
Optical trackpad",,640 x 480 pixels,2.8 inches,,,,,,HSDPA 850 / 1900 / 2100 / 800,1.2 GHz QC 8655,Black,,130 g,115 x 66 x 10.5 mm,,BlackBerry OS 7.0,,,,,,4.1,4.1,3.7866964477676044
1081,1541230847-213,Nokia,"Nokia
220",220,0,4.2 stars,491.0,,,No,built-in,"SMS(threaded view), MMS, Email, IM",WAP 2.0/xHTML,,,GPRS Up to 85.6 kbps,No,v1.1,No,v3.0,,No,,,,,,240 x 320 pixels (~167 ppi pixel density),2.4 inches,,,,,,,,Various,"Dual-SIM, Mini-SIM",83.6 g,,,116.4 x 50.3 x 13.2 mm,,,,,,4.2,4.2,3.7832948224219005
772,1541180137-745,QMobile,"QMobile
Noir M95",Noir M95,0,4.2 stars,480.0,,,Yes,Built-in + downloadable,"SMS(threaded view), MMS, Email, Push Mail, IM",HTML5,"3.5mm audio jack, Speakerphone",,"GPRS, EDGE, 3G HSPA",No,microUSB,Yes + A-GPS support,v4.0,,2.0 MP Camera,,,,,,960 x 540 pixels,5.0 inches,,,,,,WCDMA (900 / 2100),,"Black, White",Dual SIM,N/a,N/a,,Android 4.4.2(kit kat),,,,,,4.2,4.2,3.7778638307710013
1055,1541231158-232,Nokia,"Nokia
E6",E6,0,4.1 stars,625.0,,,Yes,built-in + downloadable,"SMS, MMS, Email, Push Email, IM","WAP 2.0/xHTML, HTML","3.5mm audio jack, Speakerphone",,"GPRS Class 33, EDGE Class 33, 3G (HSDPA 10.2Mbps, HSUPA 2.0Mbps)",No,Yes,Yes + A-GPS support,v3.0 with A2DP,,Yes,,,,,Gorilla Glass Display,640 x 480 pixels,2.4 inches,,2D/3D Graphics HW Accelerator with OpenVG1.1 and OpenGL ES 2.0,,,,,,"Black, White, Silver",,133 g,"115.5 x 59 x 10.5 mm, 66 cc",,Symbian Anna OS,,,,,,4.1,4.1,3.776559224641784
409,1541190308-912,QMobile,"QMobile
Noir S5",Noir S5,108,4.2 stars,463.0,"Price in Rs: 12,500    Price in USD: $108",,Yes,Built-in + downloadable,"SMS(threaded view), MMS, Email, Push Email, IM",HTML5,"3.5mm audio jack, Speakerphone",,"GPRS, EDGE, 3G (HSPA 21.1/5.76 Mbps)",No,microUSB,Yes + A-GPS support,v4.0 with A2DP,,"8.0 MP Camera, LED flash",,,,,,720 x 1280 pixels (~306 ppi pixel density),4.8 inches,,Mali-400,Mediatek MT6582,,,HSPA,,"Black, White","Dual-SIM, Dual Standby",111 g,141 x 68.4 x 7.8 mm,,"Android OS, v5.0 (Lollipop)",,,,,,4.2,4.2,3.7691863037130893
919,1541228593-69,Samsung Mobile,"Samsung
Galaxy S8",Galaxy S8,693,4.3 stars,375.0,,,Yes,built-in + downloadable,"SMS(threaded view), MMS, Email, Push Mail, IM",HTML5,"3.5mm Audio Jack, MP4/DivX/XviD/H.265 player, MP3/WAV/eAAC+/FLAC player, Speaker Phone",,"GPRS, EDGE, 3G (HSPA 42.2/5.76 Mbps), 4G (LTE-A (4CA) Cat16 1024/150 Mbps)",Yes,"v3.1, Type-C 1.0 reversible connector",Yes + A-GPS support & Glonass,"v5.0 with A2DP, LE, apt-X","Wi-Fi 802.11 a/b/g/n/ac, dual-band, Wi-Fi Direct, hotspot","8 MP f/1.7, autofocus, 1440p@30fps, dual video call, Auto HDR","12 MP, autofocus, LED flash",MicroSD Card (Support up to 256GB) (dedicated slot) - Single-SIM model,"64GB built-in, 4GB RAM","Always-on display, 3D Touch (home button only)",Corning Gorilla Glass 5,1440 x 2960 Pixels (~568 PPI),5.8 Inches,"Super AMOLED capacitive touchscreen, 16M colors, Multitouch",Mali-G71 MP20,Exynos 8895 Octa,Octa-core (4 x 2.3 GHz + 4 x 1.7 GHz),"LTE band 1(2100), 2(1900), 3(1800), 4(1700/2100), 5(850), 7(2600), 8(900), 17(700), 20(800), 28(700)",HSDPA 850 / 900 / 1700(AWS) / 1900 / 2100,"SIM1: GSM 850 / 900 / 1800 / 1900
SIM2: GSM 850 / 900 / 1800 / 1900","Midnight Black, Orchid Gray, Arctic Silver, Coral Blue, Maple Gold","Dual Sim, Dual Standby (Nano-SIM)",155 g,148.9 x 68.1 x 8 mm,TouchWiz UI,"Android OS, v7.0 (Nougat)",,,,,,4.3,4.3,3.768629327700575
781,1541193685-966,Apple iphone,"Apple
iphone 4S 32GB",iphone 4S 32GB,0,4.1 stars,600.0,,,Yes,built-in + downloadable,"iMessage, SMS (threaded view), MMS, Email, Push",HTML (Safari),"3.5mm audio jack, Speakerphone",,"GPRS, EDGE, 3G (HSDPA 14.4 Mbps, HSUPA 5.8 Mbps)",No,Yes,Yes + A-GPS support,v4.0 with A2DP,,Yes,,,,,,640 x 960 pixels,3.5 inches,,,Apple A5,,,,1 GHz Dual-core ARM Cortex-A9,"Black, White",Micro-SIM,140 g,115.2 x 58.6 x 9.3 mm,,iOS 5,,,,,,4.1,4.1,3.7681712377289673
1008,1541230671-201,OPPO Mobile,"Oppo
F7",F7,286,4.3 stars,364.0,,,Yes,,"SMS(threaded view), MMS, Email, Push Mail, IM",HTML5,"3.5mm Audio Jack, MP4/H.264/FLAC player, MP3/eAAC+/WAV player, Speaker Phone",,"GPRS, Edge, 3G HSPA, 4G LTE",No,"microUSB 2.0, USB On-The-Go",Yes +  A-GPS support,"v4.2 with A2DP, LE",,"25 MP, f/2.0",,,"16 MP, f/1.8, autofocus, LED flash",,Corning Gorilla Glass 5,1080 x 2280 Pixels (~405 PPI),6.2 Inches,,Mali-G72 MP3,Mediatek Helio P60,,"LTE band 1(2100), 3(1800), 5(850), 8(900), 38(2600), 40(2300), 41(2500)",HSDPA 850 / 900 / 1900 / 2100,,"Solar Red, Moonlight Silver, Diamond Black (","Dual Sim, Dual Standby (Nano-SIM)",158 g,156 x 75.3 x 7.8 mm,Color OS 4.0,Average Rating is 4.3 stars - based on 364 user reviews.,,,,,,4.3,4.3,3.760600375234512
817,1541178181-714,Lenovo Mobile,"Lenovo
S650",S650,126,4.2 stars,443.0,,,Yes,,"SMS(threaded view), MMS, Email, Push Mail, IM",HTML,3.5mm audio jack,,"GPRS, EDGE, 3G (HSDPA, 21 Mbps; HSUPA, 5.76 Mbps)",No,microUSB v2.0,Yes + A-GPS support,v3.0 with A2DP,,VGA,,,,,,540 x 960 pixels (~234 ppi pixel density),4.7 inches,,Mali-400MP2,Mediatek MT6582,,,HSDPA 900 / 2100,,"Silver, White","Dual-SIM, Dual Standby",126 g,138 x 69.8 x 8.8 mm,,"Android OS, v4.2 (Jelly Bean)",,,,,,4.2,4.2,3.7585093843503405
1072,1541231254-243,Nokia,"Nokia
215",215,36,4.2 stars,442.0,,,No,built-in,"SMS, MMS",WAP 2.0/xHTML,,,"GPRS, EDGE",No,microUSB v2.0),No,v3.0,,No,,,,,,240 x 320 pixels (~167 ppi pixel density),2.4 inches (~30.8% screen to body ratio),,,,,,,,"Black, White, Green","Dual-SIM, Mini-SIM",78.6 g,,,116 x 50 x 12.9 mm,,,,,,4.2,4.2,3.7579616292440754
174,1541178793-724,Lenovo Mobile,"Lenovo
P70",P70,195,4.2 stars,442.0,,,Yes,Built-in,"SMS(threaded view), MMS, Email, Push Mail, IM",HTML5,3.5mm audio jack,,"GPRS, EDGE, 3G (HSPA 21.1/5.76 Mbps), 4G (LTE Cat4 150/50 Mbps)",No,"microUSB v2.0, USB Host",Yes + A-GPS support,v4.0 with A2DP,,5.0 MP Camera,"Wi-Fi 802.11 b/g/n, hotspot",,,,,720 x 1280 pixels (~294 ppi pixel density),5.0 inches,,Mali-T760MP2,Mediatek MT6752,,"LTE band 1(2100), 3(1800), 7(2600), 20(800)",HSDPA 900 / 2100,,Midnight Blue,Dual-SIM,149 g,142 x 71.8 x 8.9 mm,,"Android OS, v4.4 (KitKat)",,,,,,4.2,4.2,3.7579616292440754
949,1541228304-25,Samsung Mobile,"Samsung
Galaxy A3",Galaxy A3,,4.1 stars,544.0,,,,,,,,,,,,,,,,,,,,,,"540 x 960 pixels, 4.5 inches (~245 ppi pixel density)

Sensors: Accelerometer, proximity, compass",HTML5,"1.2 GHz Quad-Core Cortex-A53, Qualcomm MSM8916 Snapdragon 410, GPU: Adreno 306",,,LTE,,"Bluetooth  v4.0 with A2DP, EDR, LE, USB (microUSB v2.0), WLAN (Wi-Fi 802.11 b/g/n, Wi-Fi hotspot), GPRS, EDGE, 3G (HSDPA, 42.2 Mbps; HSUPA, 5.76 Mbps), 4G (LTE, Cat4, 50 Mbps UL, 150 Mbps DL)","Pearl White, Midnight Black, Platinum Silver, Soft Pink, Light Blue, Champagne Gold",,110.3 g,,,130.1 x 65.5 x 6.9 mm,,,,,,4.1,4.1,3.7477060277210623
144,1541163976-460,Microsoft Mobile,"Microsoft
Lumia 430",Lumia 430,47,4.2 stars,409.0,"Price in Rs: 5,450    Price in USD: $47",,No,Built-in,"SMS (threaded view), MMS, Email, Push Email, IM",HTML5,"3.5mm audio jack, Speakerphone",,"GPRS, EDGE, 3G (HSPA 42.2/5.76 Mbps)",No,microUSB v2.0,Yes + A-GPS support & Glonass,v4.0 with A2DP,,VGA 480p,,,,,,480 x 800 pixels (~235 ppi pixel density),4.0 inches (~58.8% screen to body ratio),,Adreno 302,Qualcomm MSM8210 Snapdragon 200,,,HSDPA 900 / 2100,,"Black, Orange","Dual-SIM, Dual Standby, Micro-SIM",127.9 g,120.5 x 63.2 x 10.6 mm,,"Microsoft Windows Phone 8.1, planned upgrade to Windows 10",,,,,,4.2,4.2,3.739090650932374
1043,1541230912-217,Nokia,"Nokia
1280",1280,0,4.1 stars,520.0,,,Yes,Built-in,SMS,No,,,,No,,No,No,,No,,,"3.5mm audio jack, Speakerphone",,,96 x 68 pixels,1.3 inches,No,,,No,,,,"Black, Gray, Blue, Orchid",,81.9 g,,,"107.2 x 45.1 x 15.3 mm, 62.3 cc",,,,,,4.1,4.1,3.738141485487245
1000,1541230599-191,OPPO Mobile,"Oppo
F1",F1,208,4.2 stars,407.0,(Li-Po Non removable) 2500 mAh Battery,,Yes,built-in + downloadable,"SMS (threaded view), MMS, Email, Push Email",HTML5,"3.5mm Audio Jack, MP4/H.264/FLAC player, MP3/eAAC+/WAV player, Speaker Phone","Accelerometer, proximity, compass","GPRS, EDGE, 3G HSPA, 4G LTE Cat4 150/50 Mbps",No,"microUSB v2.0, USB Host",Yes + A-GPS support,v4.0 with A2DP,,"8 MP, f/2.0, 1/4"" sensor size, 1080p",,,,,Corning Gorilla Glass 4,720 x 1280 Pixels (~294 PPI),5.0 Inches,"IPS LCD capacitive touchscreen, 16M colors, Multitouch",Adreno 405,Qualcomm MSM8939v2 Snapdragon 616,Octa core (4 x 1.7 GHz Cortex A53 + 4 x 1.0 GHz Cortex A53),"LTE band 1(2100), 3(1800), 5(850), 7(2600), 8(900), 20(800), 28(700), 38(2600), 39(1900), 40(2300), 41(2500)",HSDPA 850 / 900 / 1900 / 2100,"SIM1: GSM 900 / 1800 / 1900
SIM2: GSM 900 / 1800 / 1900","White, Gold","Dual Sim, Dual Standby (Micro/Nano-SIM)",134 g,143.5 x 71 x 7.3 mm,Color OS 2.1,"Android OS, v5.1 (Lollipop)",,,,,,4.2,4.2,3.737895036537905
300,1541180075-744,QMobile,"QMobile
Noir S2",Noir S2,0,4.2 stars,398.0,,,Yes,Built-in + downloadable,"SMS(threaded view), MMS, Email, Push Mail, IM",HTML5,"3.5mm audio jack, Speakerphone",,"GPRS, EDGE, 3G",No,microUSB,Yes + A-GPS support,"v4.0 with A2DP, LE",,5.0 MP Camera,,,,,,1280 x 720 pixels,5.0 inches,,,,,,WCDMA (900 / 2100),,Black,Dual SIM,N/a,N/a,,Android V5.1 (Lollipop),,,,,,4.2,4.2,3.7324371038985893
546,1541165566-514,HTC,"HTC
One",One,364,4.1 stars,499.0,Up to 500 h,Up to 27 h,Yes,built-in + downloadable,"SMS (threaded view), MMS, Email, Push Email",HTML5,"3.5mm audio jack, Speakerphone","Accelerometer, gyro, proximity & compass","GPRS, EDGE, 3G (HSPA+; LTE, Cat3, 50 Mbps UL, 100 Mbps DL), 4G LTE",Yes,Yes,Yes + A-GPS support & Glonass,v4.0 with A2DP,,"(2.1 MP, 1080p@30fps), HDR",,,"4MP, 2688x1520 pixels, autofocus, LED flash",,Corning Gorilla Glass 2,1080 x 1920 pixels,4.7 inches,,,Qualcomm APQ8064T Snapdragon 600,Quad-core 1.7 GHz Krait 300,LTE 800 / 1800 / 2600,HSDPA 850 / 900 / 1900 / 2100,GSM 850 / 900 / 1800 / 1900,"Black, Silver, Red",Micro-SIM,143 g,137.4 x 68.2 x 9.3 mm,HTC Sense UI v5,"Android OS, v4.1.2 (Jelly Bean), upgradable to v4.2.2 (Jelly Bean)",,,,,,4.1,4.1,3.729336121866425
751,1541160627-231,G'Five,"GFive
Bravo G95",Bravo G95,65,4.1 stars,498.0,,,No,Built-in,"SMS(threaded view), MMS, Email, Push Email, IM & Gfive Mall",HTML (Adobe Flash),,Up to  350h,"GPRS, EDGE, 3G (HSDPA 14.4 Mbps, HSUPA 5.76 Mbps)",No,Yes,No,"v3.0 with A2DP, EDR","3.5mm audio jack, Speakerphone",No,,,,,,,5.3 inches,"8MP, 2048x1536 pixels, autofocus",PowerVR SGX531,MTK6575,,,,,Black / White,,211 g,149.5 x 83 x 10.9mm,,"Android OS, v4.0.3 (Ice cream Sandwich)",,,,,,4.1,4.1,3.72890611736743
94,1541173174-634,LG Mobile,"LG
Optimus G",Optimus G,457,4.1 stars,496.0,,,Yes,Built-in + Downloadable,"SMS(threaded view), MMS, Email, Push Mail, IM, RSS","HTML5, Adobe Flash",,,"GPRS 12 (4+1/3+2/2+3/1+4 slots), EDGE Class 12",Yes,Yes,No,Yes,,(1.3MP),,,"Wi-Fi 802.11 a/b/g/n, dual-band, Wi-Fi Direct, DLNA, Wi-Fi hotspot",,,768 x 1280 pixels,4.7 inches,"32GB built-in, 2GB RAM",,Qualcomm MDM9615/APQ8064,"True HD-IPS LCD capacitive touchscreen, 16M colors",LTE 800 / 900 / 1800 / 2100 / 2600,HSDPA 900 / 2100 - E975,,"Black, White",,145 g,131.9 x 68.9 x 8.5 mm,,"Android OS, v4.1.2 (Jelly Bean)",,,,,,4.1,4.1,3.728043108338052
1047,1541231132-229,Nokia,"Nokia
208",208,0,4.1 stars,496.0,,,No,built-in,"SMS(threaded view), MMS, Email, IM","WAP 2.0 / xHTML, HTML",,Up to 490 h,"GPRS (85.6 kbps), EDGE (236.8 kbps), 3G",No,Yes,No,v3.0 with A2DP,"3.5mm audio jack, Speakerphone",No,,,,,,240 x 320 pixels,2.4 inches,"1.3MP, 1280 x 960 pixels",,,"256MB built-in, 64MB RAM",,HSDPA 900 / 2100,"TFT, 256K colors","Cyan , Red, Yellow, Black, White",Dual-SIM,89.6 g,,,"114.2 x 50.9 x 12.8 mm, 65.2 cc",,,,,,4.1,4.1,3.728043108338052
413,1541175063-664,Sony,"Sony
Xperia C",Xperia C,0,4.1 stars,495.0,Average Rating is 4.1 stars - based on 495 user reviews.,,Yes,built-in + downloadable,"SMS(threaded view), MMS, Email, IM, Push Mail",HTML5,3.5mm audio jack,,"GPRS, EDGE, 3G (HSDPA 42.2 Mbps, HSUPA 11.5 Mbps)",No,Yes,Yes + A-GPS support,v4.0 with A2DP,,VGA Camera,,,"Wi-Fi 802.11 b/g/n, Wi-Fi Direct, Wi-Fi hotspot",,,540 x 960 pixels,5.0 inches,4GB built-in 1GB RAM,PowerVR SGX544,MTK MT6589,"16M colors, TFT capacitive touchscreen",,HSDPA 900 / 2100,Quad-core 1.2 GHz,"Black, White, Purple",,153 g,141.5 x 74.2 x 8.9 mm,,"Android OS, v4.2.2 (Jelly Bean)",,,,,,4.1,4.1,3.7276100968227297
1082,1541231192-236,Nokia,"Nokia
225",225,0,4 stars,670.0,,,No,built-in,"SMS(threaded view), MMS, Email, IM",WAP 2.0/xHTML,,,"GPRS Up to 85.6, EDGE Up to 236.8 kbps",No,v2.0,No,v3.0,,No,,,,,,240 x 320 pixels (~143 ppi pixel density),2.8 inches,,,,,,,,"Red, yellow, green, black, white",Mini-SIM,99.8 g,,,124 x 55.5 x 10.4 mm,,,,,,4,4.0,3.7258385620606624
529,1541164429-492,HTC,"HTC
Desire S",Desire S,0,4.1 stars,490.0,24500 Rs. (Without Warranty),,Yes,built-in,"SMS, MMS, Email, Push Email, IM",HTML,"3.5mm audio jack, Speakerphone",,"GPRS (114 kbps), EDGE (560 kbps), 3G (	HSDPA 14.4 Mbps, HSUPA 5.76 Mbps)",No,Yes,Yes + A-GPS support,"v2.1 with A2DP, EDR",,Yes,,,,Touch-sensitive controls,Corning Gorilla Glass,480 x 800 pixels,3.7 inches,,,Qualcomm MSM8255 Snapdragon,,,,1 GHz Scorpion,Black,,130 g,115 x 59.8 x 11.6 mm,HTC Sense UI,"Android OS, v2.3 (Gingerbread)",,,,,,4.1,4.1,3.725429828068764
54,1541161767-312,VOICE,"Voice
Xtreme V10",Xtreme V10,0,4.2 stars,367.0,,,Yes,built-in,"SMS (threaded view), MMS, Email, Push Email, IM",HTML,"3.5mm audio jack, Speakerphone",,"GPRS, EDGE",No,2,Yes + A-GPS support & Glonass,v3.0 with EDR,Gsensor,0.3 MP,,,,,,320 x 480 pixels,3.5 inches,"3.2MP, Flash Light",,,,,,1.2 Ghz Dual Core,Black,Dual-SIM,N/a,113.5 x 59 x 12.1mm,,"Android OS, v4.2 (Jelly Bean)",,,https://www.whatmobile.com.pk/Nokia_Mobiles_Prices,"Nokia
220",https://www.whatmobile.com.pk/Nokia_220,4.2,4.2,3.7126088552267094
622,1541179954-742,QMobile,"QMobile
LinQ L20",LinQ L20,0,4.2 stars,364.0,,,Yes,Built-in,"SMS(threaded view), MMS, Email, Push Mail, IM",HTML5,3.5mm audio jack,,"GPRS, EDGE, 3G (HSPA)",No,microUSB v2.0,Yes + A-GPS support,v4.0 with A2DP,,5 MP Camera,,,,,Corning Gorilla Glass 3,720 x 1280 pixels (~294 ppi pixel density),5.0 inches,,Mali-450MP4,Mediatek MT6592M,"IPS capacitive touchscreen, 16M colors, Multitouch",,HSPA,1.4 GHz Octa-Core Cortex-A7,Black,"Dual-SIM, Dual Standby",,144.3 x 72 x 8.7 mm,,"Android OS, v5.1 (Lollipop)",,,,,,4.2,4.2,3.7106003752345122
868,1541172504-623,LG Mobile,"LG
G4",G4,275,4 stars,596.0,,up to 10 hrs,Yes,Built-in + downloadable,"SMS(threaded view), MMS, Email, Push Mail, IM",HTML5,,"Accelerometer, gyro, proximity, compass, barometer","GPRS class 12, EDGE class 12, (HSDPA), 4G LTE",No,"microUSB v2.0 (SlimPort), USB Host",A-GPS support & Glonass,"v4.1 with A2DP, LE, apt-X",,8.0 MP Camera,,,"16 MP, 5312 x 2988 pixels, phase detection/laser autofocus, dual-LED (dual tone) flash",,Corning Gorilla Glass 4,1440 x 2560 pixels (~538 ppi pixel density),5.5 inches,,Adreno 418,Qualcomm MSM8992 Snapdragon 808,,"LTE band 1(2100), 3(1800), 7(2600), 8(900), 20(800)",HSDPA 850 / 900 / 1900 / 2100,,"Grey, White, Gold, Leather Black, Leather Brown, Leather RedGrey, White, Gold, Leather Black, Leather Brown, Leather Re",Dual-SIM,155 g,148.9 x 76.1 x 9.8 mm,,"Android OS, v5.1 (Lollipop)",,,,,,4,4.0,3.7047052845528383
958,1541228246-18,Samsung Mobile,"Samsung
Galaxy S6 Edge Plus",Galaxy S6 Edge Plus,0,4.1 stars,435.0,,,Yes,Built-in + downloadable,"SMS(threaded view), MMS, Email, Push Mail, IM",HTML5,"3.5mm Audio Jack, 24-bit/192kHz audio, MP4/DivX/XviD/WMV/H.264 player, MP3/WAV/WMA/eAAC+/FLAC player, Speaker Phone",,"GPRS, EDGE, 3G (HSPA 42.2/5.76 Mbps), 4G (LTE Cat6 300/50 Mbps/ LTE Cat9 450/50 Mbps)",Yes,"microUSB v2.0, USB Host","Yes + A-GPS support & Glonass, BDS","v4.2 with A2DP, LE, apt-X","Wi-Fi 802.11 a/b/g/n/ac, dual-band, Wi-Fi Direct, hotspot","5.0 MP, f/1.9, 22mm, 1440p@30fps, dual video call, Auto HDR","16 MP, autofocus, LED flash",Not Confirmed Yet,"32/64GB built-in, 4GB RAM","Force Touch Display, Curved edge screen",Corning Gorilla Glass 4,1440 x 2560 Pixels (~515 PPI),5.7 Inches,"Super Amoled Capacitive , Touchscreen, 16M Colors",Mali-T760MP8,Exynos 7420 Octa,Octa-core (4 x 2.1 GHz Cortex-A57 + 4 x 1.5 GHz Cortex-A53),"LTE band 1(2100), 2(1900), 3(1800), 4(1700/2100), 5(850), 7(2600), 8(900), 12(700), 20(800)",HSDPA 850 / 900 / 1900 / 2100,SIM1: GSM 850 / 900 / 1800 / 1900,"Black Sapphire, Gold Platinum, Silver Titan, White Pearl, Pink",Single SIM (Nano-SIM),153 g,154.4 x 75.8 x 6.9 mm,TouchWiz UI,"Android OS, v5.1.1 (Lollipop)",,,,,,4.1,4.1,3.699645898836952
1035,1541231072-226,Nokia,"Nokia
Lumia 1020",Lumia 1020,0,4.1 stars,426.0,,Up to 19 h,Yes,built-in,"SMS (threaded view), MMS, Email, Push Email, IM",HTML5,"3.5mm audio jack, Speakerphone",,"GPRS Class B, EDGE (Up to 236.8 kbps), 3G (HSDPA 42.2 Mbps, HSUPA 5.76 Mbps), 4G LTE",Yes,Yes,Yes + A-GPS support & Glonass,v3.0 with A2DP,,"(1.2 MP, 720p@30fps)",,,"41 MP, 3264 x 2448 pixels, autofocus, xenon & LED flash","PureMotion HD
ClearBlack display",Corning Gorilla Glass 3,768 x 1280 pixels,4.5 inches,,"GPU (Adreno 225),  , 7GB free SkyDrive storage, Active noise cancellation with dedicated mic, Wireless charging, Document viewer/editor, Predictive text input, Speakerphone",Qualcomm MSM8960 Snapdragon,,LTE 800 / 900 / 1800 / 2100 / 2600,HSDPA 850 / 900 / 1900 / 2100,,"Yellow, white, black",Micro-SIM,158 g,"130.4 x 71.4 x 10.4 mm, 96.9 cc",,Microsoft Windows Phone 8,,,,,,4.1,4.1,3.6950849027477526
267,1541175368-669,Sony,"Sony
Xperia L",Xperia L,0,4.1 stars,418.0,Average Rating is 4.1 stars - based on 418 user reviews.,,Yes,built-in + downloadable,"SMS(threaded view), MMS, Email, IM, Push Mail",HTML5,"3.5mm audio jack, Speakerphone",,"GPRS, EDGE, 3G (HSDPA 21 Mbps, HSUPA 5.76 Mbps)",Yes,Yes,Yes + A-GPS support,v4.0 with A2DP,,Yes,,,"Wi-Fi 802.11 a/b/g/n, dual-band, Wi-Fi Direct, Wi-Fi hotspot",,Scratch-resistant glass,480 x 854 pixels,4.3 inches,8GB built-in 1GB RAM,,Qualcomm MSM8230 Snapdragon,,,HSDPA 900 / 2100,Dual-core 1 GHz,"Black, White, Red",,137 g,128.7 x 65 x 9.7 mm,,"Android OS, v4.1 (Jelly Bean)",,,,,,4.1,4.1,3.6909425488116683
1038,1541231186-235,Nokia,"Nokia
105",105,0,4.1 stars,412.0,,,No,built-in,SMS,,,Average Rating is 4.1 stars - based on 412 user reviews.,,No,Yes,No,No,,No,"3.5mm audio jack, Speakerphone",,,,,128 x 128 pixels,1.4 inches,,,,,,,,"Black, Cyan",,70 g,,,"107 x 44.8 x 14.3 mm, 64 cc",,,,,,4.1,4.1,3.6877797334674285
138,1541162124-329,BlackBerry,"BlackBerry
Q10",Q10,0,4.1 stars,397.0,Average Rating is 4.1 stars - based on 397 user reviews.,,Yes,built-in + downloadable,"SMS, MMS, Email, Push Email, IM",HTML5,"3.5mm audio jack, Speakerphone",,"GPRS, EDGE, 3G (EV-DO Rev. A, up to 3.1 Mbps, HSPA), 4G LTE",Yes,Yes,A-GPS Only,v4.0 with A2DP,,2MP,,,"Wi-Fi 802.11 a/b/g/n, dual-band",,,720 x 720 pixels,3.1 inches,"16GB built-in, 2GB RAM","GPU, QWERTY Keyboard, Document viewer, Predictive text input, BlackBerry maps, Document editor, Organizer, Photo viewer, NFC support, Voice memo/dial, Predictive text input, SpeakerPhone",Snapdragon S4 (LTE version)/ TI OMAP 4470 (Non-LTE),"Super AMOLED capacitive touchscreen, 16M colors, Multitouch",LTE 700 / 850 / 1700 / 1900,HSDPA 850 / 1900 / 2100,,"Black, White",,139 g,119.6 x 66.8 x 10.4 mm,,"BlackBerry 10 OS, upgradable to v10.1",,,,,,4.1,4.1,3.679654498253252
707,1541159972-163,Sony Ericsson,"Sony Ericsson
Xperia X10",Xperia X10,0,4.1 stars,393.0,Average Rating is 4.1 stars - based on 393 user reviews.,,No,built-in,"SMS, MMS, Email, Push email, IM",HTML,"3.5mm audio jack, Speakerphone",,"GPRS Class 10 (48 kbps), EDGE Class 10 (236.8 kbps), 3G (HSDPA 7.2 Mbps, HSUPA 2 Mbps)",No,Yes,Yes + A-GPS support,v2.1 with A2DP,,No,,,,,Scratch-resistant surface,480 x 854 pixels,4.0 inches,,Adreno 200,Qualcomm QSD8250 Snapdragon,"TFT capacitive touchscreen, 65K colors",,,1 GHz Scorpion,"Sensous Black, Luster White",,135 g,119 x 63 x 13 mm,Timescape UI,"Android OS 1.6 (Donut), upgradable to Android 2.1 (Eclair)",,,,,,4.1,4.1,3.6774333859586847
1029,1541231061-225,Nokia,"Nokia
Lumia 625",Lumia 625,0,4.1 stars,386.0,,,Yes,built-in,"SMS (threaded view), MMS, Email, Push Email, IM",HTML5,"3.5mm audio jack, Speakerphone",,"GPRS Class B, EDGE Class B, 3G (HSDPA 42.2 Mbps, HSUPA 5.76 Mbps), 4G LTE",No,Yes,Yes + A-GPS support & Glonass,"v4.0 with A2DP, LE",,Yes,"Wi-Fi 802.11 b/g/n, Wi-Fi hotspot",,,,Corning Gorilla Glass 2,480 x 800 pixels,4.7 inches,,"GPU,  , 7GB free SkyDrive storage, Active noise cancellation with dedicated mic, Document viewer/editor, Predictive text input, Speakerphone",Qualcomm MSM8930 Snapdragon,,LTE 800 / 1800 / 2600,HSDPA 850 / 900 / 2100,,"Orange, Bright green, Yellow, Black and white",Micro-SIM,159 g,"133.3 x 72.3 x 9.2 mm, 87.6 cc",,Microsoft Windows Phone 8,,,,,,4.1,4.1,3.6734894308942994
641,1541162236-335,BlackBerry,"BlackBerry
Bold 9700",Bold 9700,0,4.1 stars,370.0,,,No,built-in + downloadable,"SMS, MMS, Email, IM",HTML,,,"GPRS 	Class 10 (48 kbps), EDGE Class 10 (236.8 kbps), 3G (HSDPA 3.6 Mbps)",No,Yes,Yes + A-GPS support,v2.1 with A2DP,,No,,,,Touch-sensitive optical trackpad,,480 x 360 pixels,2.4 inches,,,,,,HSDPA 850 / 1900 / 2100,624 MHz,Black,,122 g,109 x 60 x 14 mm,,BlackBerry OS 5.0,,,,,,4.1,4.1,3.6641921977802787
912,1541228185-10,Samsung Mobile,"Samsung
Galaxy S7",Galaxy S7,,3.7 stars,490.0,,,,,,,,,,,,,,,,,,,,,,"5.1 inches, 1440 x 2560 pixels (~576 ppi pixel density)

Sensors: Accelerometer, gyro, proximity, compass, barometer, heart rate, SpO2, Fingerprint",HTML5,,,,LTE,,"Bluetooth v4.2 with A2DP, LE, apt-X, USB (microUSB v2.0, USB Host), NFC, WLAN (Wi-Fi 802.11 a/b/g/n/ac, dual-band, Wi-Fi Direct, hotspot), GPRS, EDGE, 3G (HSPA 42.2/5.76 Mbps), 4G (LTE Cat9 450/50 Mbps)","Black, White, Gold, Silver",,N/a,,,143.4 x 70.8 x 6.9 mm,,,,,,3.7,3.7,3.4959216313474526
966,1541228320-27,Samsung Mobile,"Samsung
Galaxy Note 4",Galaxy Note 4,0,3.5 stars,1511.0,,,Yes,built-in + downloadable,"SMS(threaded view), MMS, Email, Push Mail, IM, RSS",HTML5,"3.5mm audio jack, Speakerphone",,"GPRS, EDGE, 3G (HSDPA, 42 Mbps; HSUPA), 4G LTE",Yes,"microUSB v2.0 (MHL 2), USB Host",Yes + A-GPS support & Glonass,"v4.1 with A2DP, LE, EDR",,"3.7 MP, 1440p",,,,,Corning Gorilla Glass 3,1440 x 2560 pixels (~515 ppi pixel density),5.7 inches,,"Adreno 420 (SM-N910S)
Mali-T760 (SM-N910C)","Snapdragon 805 (SM-N910S)

Exynos 5433","Super AMOLED capacitive touchscreen, 16M colors, Muultitouch",LTE 800 / 850 / 900 / 1800 / 2100 / 2600,HSDPA 850 / 900 / 1900 / 2100,"Quad-core 2.7 GHz Krait 450, Snapdragon 805
Octa-core 4x1.3 GHz Cortex-A53 + 4x1.9 GHz Cortex-A57, Exynos 5433","Frosted white, Charcoal black, Bronze Gold, Blossom Pink",,176 g,153.5 x 78.6 x 8.5 mm,,,,,,,,3.5,3.5,3.4458757723577196
1069,1541231361-257,Nokia,"Nokia
6",6,,3 stars,609.0,,,,,,,,,,,,,,,,,,,,,,"5.5 Inches, 1080 x 1920 pixels (403 PPI)

Sensors: Accelerometer, proximity, Compass, Fingerprint (rear-mounted)",HTML5,"1.4 GHZ Octa-core Cortex-A53, Qualcomm MSM8937 Snapdragon 430


GPU: Adreno 505",,,"LTE band 1(2100), 3(1800), 5(850), 7(2600), 8(900), 20(800), 28(700), 38(2600), 40(2300)",,"Bluetooth v4.0 with A2DP, USB (microUSB 2.0, USB On-The-Go), WLAN (Wi-Fi 802.11 b/g/n, Wi-Fi Direct, hotspot), GPRS, EDGE, 3G (HSPA 42.2/5.76 Mbps), 4G (LTE Cat4 150/50 Mbps)","Arte Black, Matte Black, Tempered Blue, Silver, Copper","SIM1: GSM 850 / 900 / 1800 / 1900

SIM2: GSM 850 / 900 / 1800 / 1900",169 g,,,154 x 75.8 x 8.4 mm,,,,,,3,3.0,3.082751359887692
499,1541190369-913,QMobile,"QMobile
Noir Z8",Noir Z8,108,3 stars,1530.0,,,Yes,built-in + downloadable,"SMS(threaded view), MMS, Email, Push Email, IM",HTML5,"3.5mm audio jack, Speakerphone",,"GPRS, EDGE, 3G (HSPA 21.1/5.76 Mbps), 4G",No,Yes,Yes + A-GPS support,v4.0 with A2DP,,5 MP,,,,,,720 x 1280 pixels (~294 ppi pixel density),5.0 inches,,,Qualcomm snapdragon,,LTE,HSDPA 850 / 1900 / 2100,,"Black, White","Dual-SIM, MIcro-Sim",120 g,143.5 x 72 x 7.5mm,,Android 4.4 (Kit KAt),,,,,,3,3.0,3.0425116542612063
